{
    "image_file": "images\\scene1\\000032.png",
    "model": {
        "num": 23,
        "0": {
            "model_file": "models\\car_001.obj",
            "matrix": [
                -1.0,
                0.0072,
                0.0,
                3.986,
                0.0,
                0.0,
                1.0,
                -2.3466,
                0.0072,
                1.0,
                0.0,
                -25.366,
                0.0,
                0.0,
                0.0,
                1.0
            ],
            "actor_id": 0,
            "R_matrix_c2o": [
                -1.0,
                0.007200000000000122,
                -6.123233995736766e-17,
                6.123233995736766e-17,
                -4.408728476930471e-19,
                -1.0,
                -0.007200000000000122,
                -1.0,
                -7.498798913309288e-33
            ],
            "T_matrix_c2o": [
                3.986,
                2.3466,
                26.816
            ],
            "class": 2,
            "class_name": "Car",
            "size": [
                1.42,
                4.2,
                1.7
            ],
            "2d_bbox": [
                1250.23,
                614.65,
                1519.74,
                805.9
            ],
            "3d_bbox": [
                [
                    1430,
                    764
                ],
                [
                    1519,
                    805
                ],
                [
                    1250,
                    765
                ],
                [
                    1306,
                    805
                ],
                [
                    1430,
                    614
                ],
                [
                    1519,
                    628
                ],
                [
                    1250,
                    614
                ],
                [
                    1306,
                    628
                ]
            ],
            "3d_bbox_w": [
                [
                    4.912817579200002,
                    -2.347784,
                    -27.600902592
                ],
                [
                    4.9449024208,
                    -2.347784,
                    -23.144674591999998
                ],
                [
                    3.0270975792,
                    -2.347784,
                    -27.587325408
                ],
                [
                    3.0591824207999987,
                    -2.347784,
                    -23.131097408
                ],
                [
                    4.912817579200002,
                    -0.7790199999999987,
                    -27.600902592
                ],
                [
                    4.9449024208,
                    -0.7790199999999987,
                    -23.144674591999998
                ],
                [
                    3.0270975792,
                    -0.7790199999999987,
                    -27.587325408
                ],
                [
                    3.0591824207999987,
                    -0.7790199999999987,
                    -23.131097408
                ]
            ]
        },
        "1": {
            "model_file": "models\\car_001.obj",
            "matrix": [
                -0.9992,
                0.0396,
                0.0,
                -2.9336,
                0.0,
                0.0,
                1.0,
                -2.2512,
                0.0396,
                0.9992,
                0.0,
                -25.2601,
                0.0,
                0.0,
                0.0,
                1.0
            ],
            "actor_id": 0,
            "R_matrix_c2o": [
                -0.9992,
                0.03960000000000013,
                -6.123233995736766e-17,
                6.118335408540177e-17,
                -2.4248006623117595e-18,
                -1.0,
                -0.03960000000000013,
                -0.9992,
                -7.498798913309288e-33
            ],
            "T_matrix_c2o": [
                -2.9336,
                2.2512,
                26.7101
            ],
            "class": 2,
            "class_name": "Car",
            "size": [
                1.42,
                4.2,
                1.7
            ],
            "2d_bbox": [
                528.68,
                605.69,
                760.17,
                796.51
            ],
            "3d_bbox": [
                [
                    760,
                    756
                ],
                [
                    743,
                    795
                ],
                [
                    578,
                    756
                ],
                [
                    528,
                    796
                ],
                [
                    760,
                    605
                ],
                [
                    743,
                    617
                ],
                [
                    578,
                    605
                ],
                [
                    528,
                    617
                ]
            ],
            "3d_bbox_w": [
                [
                    -2.0797276023999975,
                    -2.2523839999999997,
                    -27.523768764800003
                ],
                [
                    -1.9032609735999984,
                    -2.2523839999999997,
                    -23.071105747199997
                ],
                [
                    -3.963939026400002,
                    -2.2523839999999997,
                    -27.449094252800005
                ],
                [
                    -3.787472397600003,
                    -2.2523839999999997,
                    -22.9964312352
                ],
                [
                    -2.0797276023999975,
                    -0.6836199999999986,
                    -27.523768764800003
                ],
                [
                    -1.9032609735999984,
                    -0.6836199999999986,
                    -23.071105747199997
                ],
                [
                    -3.963939026400002,
                    -0.6836199999999986,
                    -27.449094252800005
                ],
                [
                    -3.787472397600003,
                    -0.6836199999999986,
                    -22.9964312352
                ]
            ]
        },
        "2": {
            "model_file": "models\\car_001.obj",
            "matrix": [
                -0.8299,
                0.5579,
                0.0,
                17.0654,
                0.0,
                0.0,
                1.0,
                13.3974,
                0.5579,
                0.8299,
                0.0,
                -118.2665,
                0.0,
                0.0,
                0.0,
                1.0
            ],
            "actor_id": 0,
            "R_matrix_c2o": [
                -0.8298999999999999,
                0.5579000000000001,
                -6.123233995736766e-17,
                5.081671893061942e-17,
                -3.416152246221541e-17,
                -1.0,
                -0.5579000000000001,
                -0.8298999999999999,
                -7.498798913309288e-33
            ],
            "T_matrix_c2o": [
                17.0654,
                -13.3974,
                119.7165
            ],
            "class": 2,
            "class_name": "Car",
            "size": [
                1.42,
                4.2,
                1.7
            ],
            "2d_bbox": [
                1305.93,
                184.95,
                1408.92,
                234.53
            ],
            "3d_bbox": [
                [
                    1338,
                    234
                ],
                [
                    1408,
                    224
                ],
                [
                    1305,
                    231
                ],
                [
                    1375,
                    222
                ],
                [
                    1338,
                    198
                ],
                [
                    1408,
                    188
                ],
                [
                    1305,
                    195
                ],
                [
                    1375,
                    184
                ]
            ],
            "3d_bbox_w": [
                [
                    16.6048147134,
                    13.396215999999999,
                    -120.6416334026
                ],
                [
                    19.090944314600005,
                    13.396215999999999,
                    -116.9434097854
                ],
                [
                    15.039855685399996,
                    13.396215999999999,
                    -119.5895902146
                ],
                [
                    17.5259852866,
                    13.396215999999999,
                    -115.8913665974
                ],
                [
                    16.6048147134,
                    14.964980000000002,
                    -120.6416334026
                ],
                [
                    19.090944314600005,
                    14.964980000000002,
                    -116.9434097854
                ],
                [
                    15.039855685399996,
                    14.964980000000002,
                    -119.5895902146
                ],
                [
                    17.5259852866,
                    14.964980000000002,
                    -115.8913665974
                ]
            ]
        },
        "3": {
            "model_file": "models\\car_001.obj",
            "matrix": [
                0.9994,
                -0.0354,
                0.0,
                -18.321,
                0.0,
                0.0,
                1.0,
                7.8605,
                -0.0354,
                -0.9994,
                0.0,
                -84.3135,
                0.0,
                0.0,
                0.0,
                1.0
            ],
            "actor_id": 0,
            "R_matrix_c2o": [
                0.9994,
                -0.035400000000000126,
                -6.123233995736766e-17,
                -6.119560055339324e-17,
                2.1676248344908153e-18,
                -1.0,
                0.035400000000000126,
                0.9994,
                -7.498798913309288e-33
            ],
            "T_matrix_c2o": [
                -18.321,
                -7.8605,
                85.76350000000001
            ],
            "class": 2,
            "class_name": "Car",
            "size": [
                1.42,
                4.2,
                1.7
            ],
            "2d_bbox": [
                320.39,
                225.67,
                407.85,
                291.43
            ],
            "3d_bbox": [
                [
                    320,
                    277
                ],
                [
                    347,
                    291
                ],
                [
                    383,
                    278
                ],
                [
                    407,
                    291
                ],
                [
                    320,
                    225
                ],
                [
                    347,
                    241
                ],
                [
                    383,
                    225
                ],
                [
                    407,
                    241
                ]
            ],
            "3d_bbox_w": [
                [
                    -19.184419048400002,
                    7.859316,
                    -82.0533456244
                ],
                [
                    -19.342169519600002,
                    7.859316,
                    -86.50689988760001
                ],
                [
                    -17.2998304804,
                    7.859316,
                    -82.1201001124
                ],
                [
                    -17.4575809516,
                    7.859316,
                    -86.57365437560001
                ],
                [
                    -19.184419048400002,
                    9.428080000000005,
                    -82.0533456244
                ],
                [
                    -19.342169519600002,
                    9.428080000000005,
                    -86.50689988760001
                ],
                [
                    -17.2998304804,
                    9.428080000000005,
                    -82.1201001124
                ],
                [
                    -17.4575809516,
                    9.428080000000005,
                    -86.57365437560001
                ]
            ]
        },
        "4": {
            "model_file": "models\\car_001.obj",
            "matrix": [
                0.9994,
                -0.0354,
                0.0,
                -25.2746,
                0.0,
                0.0,
                1.0,
                8.955,
                -0.0354,
                -0.9994,
                0.0,
                -91.7515,
                0.0,
                0.0,
                0.0,
                1.0
            ],
            "actor_id": 0,
            "R_matrix_c2o": [
                0.9994,
                -0.035400000000000126,
                -6.123233995736766e-17,
                -6.119560055339324e-17,
                2.1676248344908153e-18,
                -1.0,
                0.035400000000000126,
                0.9994,
                -7.498798913309288e-33
            ],
            "T_matrix_c2o": [
                -25.2746,
                -8.955,
                93.2015
            ],
            "class": 2,
            "class_name": "Car",
            "size": [
                1.42,
                4.2,
                1.7
            ],
            "2d_bbox": [
                159.83,
                217.87,
                248.08,
                278.88
            ],
            "3d_bbox": [
                [
                    159,
                    265
                ],
                [
                    192,
                    278
                ],
                [
                    218,
                    266
                ],
                [
                    248,
                    278
                ],
                [
                    159,
                    217
                ],
                [
                    192,
                    232
                ],
                [
                    218,
                    218
                ],
                [
                    248,
                    233
                ]
            ],
            "3d_bbox_w": [
                [
                    -26.1380190484,
                    8.953816,
                    -89.49134562439998
                ],
                [
                    -26.2957695196,
                    8.953816,
                    -93.9448998876
                ],
                [
                    -24.2534304804,
                    8.953816,
                    -89.55810011239998
                ],
                [
                    -24.4111809516,
                    8.953816,
                    -94.0116543756
                ],
                [
                    -26.1380190484,
                    10.522580000000005,
                    -89.49134562439998
                ],
                [
                    -26.2957695196,
                    10.522580000000005,
                    -93.9448998876
                ],
                [
                    -24.2534304804,
                    10.522580000000005,
                    -89.55810011239998
                ],
                [
                    -24.4111809516,
                    10.522580000000005,
                    -94.0116543756
                ]
            ]
        },
        "5": {
            "model_file": "models\\car_001.obj",
            "matrix": [
                -1.0,
                0.0057,
                0.0,
                -3.2196,
                0.0,
                0.0,
                1.0,
                -3.9425,
                0.0057,
                1.0,
                0.0,
                -15.1414,
                0.0,
                0.0,
                0.0,
                1.0
            ],
            "actor_id": 0,
            "R_matrix_c2o": [
                -1.0,
                0.0057000000000001225,
                -6.123233995736766e-17,
                6.123233995736766e-17,
                -3.4902433775699567e-19,
                -1.0,
                -0.0057000000000001225,
                -1.0,
                -7.498798913309288e-33
            ],
            "T_matrix_c2o": [
                -3.2196,
                3.9425,
                16.5914
            ],
            "class": 2,
            "class_name": "Car",
            "size": [
                1.42,
                4.2,
                1.7
            ],
            "2d_bbox": [
                155.36,
                891.23,
                621.42,
                1304.68
            ],
            "3d_bbox": [
                [
                    621,
                    1123
                ],
                [
                    521,
                    1304
                ],
                [
                    342,
                    1123
                ],
                [
                    155,
                    1304
                ],
                [
                    621,
                    891
                ],
                [
                    521,
                    1000
                ],
                [
                    342,
                    891
                ],
                [
                    155,
                    1000
                ]
            ],
            "3d_bbox_w": [
                [
                    -2.289440249799997,
                    -3.9436839999999997,
                    -17.374888302000006
                ],
                [
                    -2.2640397501999976,
                    -3.9436839999999997,
                    -12.918660301999996
                ],
                [
                    -4.175160249800002,
                    -3.9436839999999997,
                    -17.364139698000006
                ],
                [
                    -4.149759750200003,
                    -3.9436839999999997,
                    -12.907911697999996
                ],
                [
                    -2.289440249799997,
                    -2.374919999999997,
                    -17.374888302000006
                ],
                [
                    -2.2640397501999976,
                    -2.374919999999997,
                    -12.918660301999996
                ],
                [
                    -4.175160249800002,
                    -2.374919999999997,
                    -17.364139698000006
                ],
                [
                    -4.149759750200003,
                    -2.374919999999997,
                    -12.907911697999996
                ]
            ]
        },
        "6": {
            "model_file": "models\\car_001.obj",
            "matrix": [
                0.9994,
                -0.0354,
                0.0,
                -22.2121,
                0.0,
                0.0,
                1.0,
                9.7139,
                -0.0354,
                -0.9994,
                0.0,
                -95.2674,
                0.0,
                0.0,
                0.0,
                1.0
            ],
            "actor_id": 0,
            "R_matrix_c2o": [
                0.9994,
                -0.035400000000000126,
                -6.123233995736766e-17,
                -6.119560055339324e-17,
                2.1676248344908153e-18,
                -1.0,
                0.035400000000000126,
                0.9994,
                -7.498798913309288e-33
            ],
            "T_matrix_c2o": [
                -22.2121,
                -9.7139,
                96.7174
            ],
            "class": 2,
            "class_name": "Car",
            "size": [
                1.42,
                4.2,
                1.7
            ],
            "2d_bbox": [
                279.88,
                207.49,
                359.51,
                266.8
            ],
            "3d_bbox": [
                [
                    279,
                    253
                ],
                [
                    306,
                    266
                ],
                [
                    335,
                    253
                ],
                [
                    359,
                    266
                ],
                [
                    279,
                    207
                ],
                [
                    306,
                    222
                ],
                [
                    335,
                    207
                ],
                [
                    359,
                    222
                ]
            ],
            "3d_bbox_w": [
                [
                    -23.0755190484,
                    9.712716,
                    -93.00724562439999
                ],
                [
                    -23.2332695196,
                    9.712716,
                    -97.4607998876
                ],
                [
                    -21.1909304804,
                    9.712716,
                    -93.07400011239999
                ],
                [
                    -21.3486809516,
                    9.712716,
                    -97.5275543756
                ],
                [
                    -23.0755190484,
                    11.281480000000006,
                    -93.00724562439999
                ],
                [
                    -23.2332695196,
                    11.281480000000006,
                    -97.4607998876
                ],
                [
                    -21.1909304804,
                    11.281480000000006,
                    -93.07400011239999
                ],
                [
                    -21.3486809516,
                    11.281480000000006,
                    -97.5275543756
                ]
            ]
        },
        "7": {
            "model_file": "models\\car_001.obj",
            "matrix": [
                -0.9994,
                0.0354,
                0.0,
                -1.2384,
                0.0,
                0.0,
                1.0,
                22.5351,
                0.0354,
                0.9994,
                0.0,
                -170.6434,
                0.0,
                0.0,
                0.0,
                1.0
            ],
            "actor_id": 0,
            "R_matrix_c2o": [
                -0.9994,
                0.035400000000000126,
                -6.123233995736766e-17,
                6.119560055339324e-17,
                -2.1676248344908153e-18,
                -1.0,
                -0.035400000000000126,
                -0.9994,
                -7.498798913309288e-33
            ],
            "T_matrix_c2o": [
                -1.2384,
                -22.5351,
                172.0934
            ],
            "class": 2,
            "class_name": "Car",
            "size": [
                1.42,
                4.2,
                1.7
            ],
            "2d_bbox": [
                923.91,
                144.9,
                956.44,
                180.19
            ],
            "3d_bbox": [
                [
                    954,
                    180
                ],
                [
                    956,
                    170
                ],
                [
                    923,
                    180
                ],
                [
                    925,
                    170
                ],
                [
                    954,
                    155
                ],
                [
                    956,
                    145
                ],
                [
                    923,
                    154
                ],
                [
                    925,
                    144
                ]
            ],
            "3d_bbox_w": [
                [
                    -0.37498095159999845,
                    22.533916,
                    -172.9035543756
                ],
                [
                    -0.21723048039999782,
                    22.533916,
                    -168.4500001124
                ],
                [
                    -2.259569519600002,
                    22.533916,
                    -172.83679988760002
                ],
                [
                    -2.101819048400001,
                    22.533916,
                    -168.38324562440002
                ],
                [
                    -0.37498095159999845,
                    24.102680000000003,
                    -172.9035543756
                ],
                [
                    -0.21723048039999782,
                    24.102680000000003,
                    -168.4500001124
                ],
                [
                    -2.259569519600002,
                    24.102680000000003,
                    -172.83679988760002
                ],
                [
                    -2.101819048400001,
                    24.102680000000003,
                    -168.38324562440002
                ]
            ]
        },
        "8": {
            "model_file": "models\\pedestrian_001.obj",
            "matrix": [
                -0.918,
                -0.3967,
                0.0,
                10.2337,
                0.0,
                0.0,
                1.0,
                7.7315,
                -0.3967,
                0.918,
                0.0,
                -84.9964,
                0.0,
                0.0,
                0.0,
                1.0
            ],
            "actor_id": 0,
            "R_matrix_c2o": [
                -0.918,
                -0.3966999999999999,
                -6.123233995736766e-17,
                5.621128808086351e-17,
                2.4290869261087752e-17,
                -1.0,
                0.3966999999999999,
                -0.918,
                -7.498798913309288e-33
            ],
            "T_matrix_c2o": [
                10.2337,
                -7.7315,
                86.4464
            ],
            "class": 5,
            "class_name": "Pedestrian",
            "size": [
                0.91,
                0.33,
                1.77
            ],
            "2d_bbox": [
                1273.99,
                232.88,
                1305.17,
                291.92
            ],
            "3d_bbox": [
                [
                    1305,
                    290
                ],
                [
                    1302,
                    290
                ],
                [
                    1277,
                    291
                ],
                [
                    1273,
                    291
                ],
                [
                    1305,
                    233
                ],
                [
                    1302,
                    232
                ],
                [
                    1277,
                    235
                ],
                [
                    1273,
                    234
                ]
            ],
            "3d_bbox_w": [
                [
                    10.714236310200002,
                    7.732531,
                    -84.9671546683
                ],
                [
                    10.584304365800001,
                    7.732531,
                    -84.6664802923
                ],
                [
                    9.8830956342,
                    7.732531,
                    -85.3263197077
                ],
                [
                    9.7531636898,
                    7.732531,
                    -85.02564533169999
                ],
                [
                    10.714236310200002,
                    9.500139000000003,
                    -84.9671546683
                ],
                [
                    10.584304365800001,
                    9.500139000000003,
                    -84.6664802923
                ],
                [
                    9.8830956342,
                    9.500139000000003,
                    -85.3263197077
                ],
                [
                    9.7531636898,
                    9.500139000000003,
                    -85.02564533169999
                ]
            ]
        },
        "9": {
            "model_file": "models\\car_001.obj",
            "matrix": [
                -0.9994,
                0.0354,
                0.0,
                -4.7068,
                0.0,
                0.0,
                1.0,
                19.1516,
                0.0354,
                0.9994,
                0.0,
                -150.5276,
                0.0,
                0.0,
                0.0,
                1.0
            ],
            "actor_id": 0,
            "R_matrix_c2o": [
                -0.9994,
                0.035400000000000126,
                -6.123233995736766e-17,
                6.119560055339324e-17,
                -2.1676248344908153e-18,
                -1.0,
                -0.035400000000000126,
                -0.9994,
                -7.498798913309288e-33
            ],
            "T_matrix_c2o": [
                -4.7068,
                -19.1516,
                151.9776
            ],
            "class": 2,
            "class_name": "Car",
            "size": [
                1.42,
                4.2,
                1.7
            ],
            "2d_bbox": [
                856.42,
                154.73,
                891.5,
                194.33
            ],
            "3d_bbox": [
                [
                    890,
                    194
                ],
                [
                    891,
                    184
                ],
                [
                    856,
                    194
                ],
                [
                    856,
                    183
                ],
                [
                    890,
                    166
                ],
                [
                    891,
                    154
                ],
                [
                    856,
                    165
                ],
                [
                    856,
                    154
                ]
            ],
            "3d_bbox_w": [
                [
                    -3.8433809515999986,
                    19.150416,
                    -152.7877543756
                ],
                [
                    -3.685630480399998,
                    19.150416,
                    -148.3342001124
                ],
                [
                    -5.727969519600002,
                    19.150416,
                    -152.72099988760002
                ],
                [
                    -5.570219048400002,
                    19.150416,
                    -148.2674456244
                ],
                [
                    -3.8433809515999986,
                    20.71918,
                    -152.7877543756
                ],
                [
                    -3.685630480399998,
                    20.71918,
                    -148.3342001124
                ],
                [
                    -5.727969519600002,
                    20.71918,
                    -152.72099988760002
                ],
                [
                    -5.570219048400002,
                    20.71918,
                    -148.2674456244
                ]
            ]
        },
        "10": {
            "model_file": "models\\car_001.obj",
            "matrix": [
                0.9999,
                -0.014,
                0.0,
                -15.258,
                0.0,
                0.0,
                1.0,
                7.5221,
                -0.014,
                -0.9999,
                0.0,
                -82.1735,
                0.0,
                0.0,
                0.0,
                1.0
            ],
            "actor_id": 0,
            "R_matrix_c2o": [
                0.9999,
                -0.014000000000000123,
                -6.123233995736766e-17,
                -6.122621672337193e-17,
                8.572527594031473e-19,
                -1.0,
                0.014000000000000123,
                0.9999,
                -7.498798913309288e-33
            ],
            "T_matrix_c2o": [
                -15.258,
                -7.5221,
                83.6235
            ],
            "class": 2,
            "class_name": "Car",
            "size": [
                1.42,
                4.2,
                1.7
            ],
            "2d_bbox": [
                406.86,
                229.05,
                494.84,
                296.15
            ],
            "3d_bbox": [
                [
                    406,
                    282
                ],
                [
                    433,
                    296
                ],
                [
                    471,
                    282
                ],
                [
                    494,
                    296
                ],
                [
                    406,
                    229
                ],
                [
                    433,
                    245
                ],
                [
                    471,
                    229
                ],
                [
                    494,
                    245
                ]
            ],
            "3d_bbox_w": [
                [
                    -16.169572118,
                    7.520916,
                    -79.9324087714
                ],
                [
                    -16.23195931,
                    7.520916,
                    -84.38819114860001
                ],
                [
                    -14.284040689999998,
                    7.520916,
                    -79.9588088514
                ],
                [
                    -14.346427881999997,
                    7.520916,
                    -84.4145912286
                ],
                [
                    -16.169572118,
                    9.089680000000003,
                    -79.9324087714
                ],
                [
                    -16.23195931,
                    9.089680000000003,
                    -84.38819114860001
                ],
                [
                    -14.284040689999998,
                    9.089680000000003,
                    -79.9588088514
                ],
                [
                    -14.346427881999997,
                    9.089680000000003,
                    -84.4145912286
                ]
            ]
        },
        "11": {
            "model_file": "models\\car_001.obj",
            "matrix": [
                0.9994,
                -0.0354,
                0.0,
                -25.2748,
                0.0,
                0.0,
                1.0,
                7.7447,
                -0.0354,
                -0.9994,
                0.0,
                -84.5971,
                0.0,
                0.0,
                0.0,
                1.0
            ],
            "actor_id": 0,
            "R_matrix_c2o": [
                0.9994,
                -0.035400000000000126,
                -6.123233995736766e-17,
                -6.119560055339324e-17,
                2.1676248344908153e-18,
                -1.0,
                0.035400000000000126,
                0.9994,
                -7.498798913309288e-33
            ],
            "T_matrix_c2o": [
                -25.2748,
                -7.7447,
                86.0471
            ],
            "class": 2,
            "class_name": "Car",
            "size": [
                1.42,
                4.2,
                1.7
            ],
            "2d_bbox": [
                91.5,
                230.58,
                190.4,
                295.88
            ],
            "3d_bbox": [
                [
                    91,
                    282
                ],
                [
                    130,
                    295
                ],
                [
                    154,
                    282
                ],
                [
                    190,
                    295
                ],
                [
                    91,
                    230
                ],
                [
                    130,
                    246
                ],
                [
                    154,
                    230
                ],
                [
                    190,
                    246
                ]
            ],
            "3d_bbox_w": [
                [
                    -26.1382190484,
                    7.743516,
                    -82.33694562439999
                ],
                [
                    -26.2959695196,
                    7.743516,
                    -86.7904998876
                ],
                [
                    -24.2536304804,
                    7.743516,
                    -82.40370011239999
                ],
                [
                    -24.411380951599998,
                    7.743516,
                    -86.85725437560001
                ],
                [
                    -26.1382190484,
                    9.312280000000005,
                    -82.33694562439999
                ],
                [
                    -26.2959695196,
                    9.312280000000005,
                    -86.7904998876
                ],
                [
                    -24.2536304804,
                    9.312280000000005,
                    -82.40370011239999
                ],
                [
                    -24.411380951599998,
                    9.312280000000005,
                    -86.85725437560001
                ]
            ]
        },
        "12": {
            "model_file": "models\\car_001.obj",
            "matrix": [
                0.9994,
                -0.0354,
                0.0,
                -14.9868,
                0.0,
                0.0,
                1.0,
                9.1786,
                -0.0354,
                -0.9994,
                0.0,
                -91.7223,
                0.0,
                0.0,
                0.0,
                1.0
            ],
            "actor_id": 0,
            "R_matrix_c2o": [
                0.9994,
                -0.035400000000000126,
                -6.123233995736766e-17,
                -6.119560055339324e-17,
                2.1676248344908153e-18,
                -1.0,
                0.035400000000000126,
                0.9994,
                -7.498798913309288e-33
            ],
            "T_matrix_c2o": [
                -14.9868,
                -9.1786,
                93.1723
            ],
            "class": 2,
            "class_name": "Car",
            "size": [
                1.42,
                4.2,
                1.7
            ],
            "2d_bbox": [
                474.62,
                210.92,
                547.99,
                272.27
            ],
            "3d_bbox": [
                [
                    474,
                    258
                ],
                [
                    492,
                    272
                ],
                [
                    532,
                    259
                ],
                [
                    547,
                    272
                ],
                [
                    474,
                    210
                ],
                [
                    492,
                    226
                ],
                [
                    532,
                    211
                ],
                [
                    547,
                    226
                ]
            ],
            "3d_bbox_w": [
                [
                    -15.850219048400001,
                    9.177416,
                    -89.4621456244
                ],
                [
                    -16.007969519600003,
                    9.177416,
                    -93.91569988760001
                ],
                [
                    -13.965630480399998,
                    9.177416,
                    -89.5289001124
                ],
                [
                    -14.1233809516,
                    9.177416,
                    -93.98245437560001
                ],
                [
                    -15.850219048400001,
                    10.746180000000004,
                    -89.4621456244
                ],
                [
                    -16.007969519600003,
                    10.746180000000004,
                    -93.91569988760001
                ],
                [
                    -13.965630480399998,
                    10.746180000000004,
                    -89.5289001124
                ],
                [
                    -14.1233809516,
                    10.746180000000004,
                    -93.98245437560001
                ]
            ]
        },
        "13": {
            "model_file": "models\\car_001.obj",
            "matrix": [
                0.0476,
                0.9989,
                0.0,
                -22.1683,
                0.0,
                0.0,
                1.0,
                4.1647,
                0.9989,
                -0.0476,
                0.0,
                -63.1887,
                0.0,
                0.0,
                0.0,
                1.0
            ],
            "actor_id": 0,
            "R_matrix_c2o": [
                0.04760000000000013,
                0.9989,
                -6.123233995736766e-17,
                -2.9146593819707008e-18,
                -6.116498438341455e-17,
                -1.0,
                -0.9989,
                0.04760000000000013,
                -7.498798913309288e-33
            ],
            "T_matrix_c2o": [
                -22.1683,
                -4.1647,
                64.6387
            ],
            "class": 2,
            "class_name": "Car",
            "size": [
                1.42,
                4.2,
                1.7
            ],
            "2d_bbox": [
                -106.0,
                289.04,
                112.87,
                363.54
            ],
            "3d_bbox": [
                [
                    -79,
                    362
                ],
                [
                    112,
                    363
                ],
                [
                    -106,
                    357
                ],
                [
                    91,
                    358
                ],
                [
                    -79,
                    296
                ],
                [
                    112,
                    297
                ],
                [
                    -106,
                    289
                ],
                [
                    91,
                    289
                ]
            ],
            "3d_bbox_w": [
                [
                    -24.4388432106,
                    4.1635159999999996,
                    -64.0244646276
                ],
                [
                    -19.987517061399995,
                    4.1635159999999996,
                    -64.2365810804
                ],
                [
                    -24.349082938600002,
                    4.1635159999999996,
                    -62.140818919599994
                ],
                [
                    -19.897756789399995,
                    4.1635159999999996,
                    -62.3529353724
                ],
                [
                    -24.4388432106,
                    5.732280000000001,
                    -64.0244646276
                ],
                [
                    -19.987517061399995,
                    5.732280000000001,
                    -64.2365810804
                ],
                [
                    -24.349082938600002,
                    5.732280000000001,
                    -62.140818919599994
                ],
                [
                    -19.897756789399995,
                    5.732280000000001,
                    -62.3529353724
                ]
            ]
        },
        "14": {
            "model_file": "models\\car_001.obj",
            "matrix": [
                0.9993,
                -0.0381,
                0.0,
                -22.2058,
                0.0,
                0.0,
                1.0,
                12.7372,
                -0.0381,
                -0.9993,
                0.0,
                -113.3954,
                0.0,
                0.0,
                0.0,
                1.0
            ],
            "actor_id": 0,
            "R_matrix_c2o": [
                0.9993,
                -0.03810000000000013,
                -6.123233995736766e-17,
                -6.11894773193975e-17,
                2.332952152375708e-18,
                -1.0,
                0.03810000000000013,
                0.9993,
                -7.498798913309288e-33
            ],
            "T_matrix_c2o": [
                -22.2058,
                -12.7372,
                114.8454
            ],
            "class": 2,
            "class_name": "Car",
            "size": [
                1.42,
                4.2,
                1.7
            ],
            "2d_bbox": [
                389.69,
                186.27,
                452.48,
                237.23
            ],
            "3d_bbox": [
                [
                    389,
                    225
                ],
                [
                    407,
                    237
                ],
                [
                    436,
                    225
                ],
                [
                    452,
                    237
                ],
                [
                    389,
                    186
                ],
                [
                    407,
                    199
                ],
                [
                    436,
                    186
                ],
                [
                    452,
                    199
                ]
            ],
            "3d_bbox_w": [
                [
                    -23.063108854600003,
                    12.736016,
                    -111.1329227138
                ],
                [
                    -23.232891141400003,
                    12.736016,
                    -115.5860313542
                ],
                [
                    -21.178708858599997,
                    12.736016,
                    -111.20476864579999
                ],
                [
                    -21.348491145399997,
                    12.736016,
                    -115.65787728619999
                ],
                [
                    -23.063108854600003,
                    14.304780000000003,
                    -111.1329227138
                ],
                [
                    -23.232891141400003,
                    14.304780000000003,
                    -115.5860313542
                ],
                [
                    -21.178708858599997,
                    14.304780000000003,
                    -111.20476864579999
                ],
                [
                    -21.348491145399997,
                    14.304780000000003,
                    -115.65787728619999
                ]
            ]
        },
        "15": {
            "model_file": "models\\car_001.obj",
            "matrix": [
                -0.9997,
                0.0225,
                0.0,
                10.0198,
                0.0,
                0.0,
                1.0,
                -2.4391,
                0.0225,
                0.9997,
                0.0,
                -26.4056,
                0.0,
                0.0,
                0.0,
                1.0
            ],
            "actor_id": 0,
            "R_matrix_c2o": [
                -0.9997,
                0.02250000000000012,
                -6.123233995736766e-17,
                6.121397025538046e-17,
                -1.3777276490407724e-18,
                -1.0,
                -0.02250000000000012,
                -0.9997,
                -7.498798913309288e-33
            ],
            "T_matrix_c2o": [
                10.0198,
                2.4391,
                27.8556
            ],
            "class": 2,
            "class_name": "Car",
            "size": [
                1.42,
                4.2,
                1.7
            ],
            "2d_bbox": [
                1795.99,
                620.6,
                2155.31,
                805.31
            ],
            "3d_bbox": [
                [
                    1969,
                    765
                ],
                [
                    2155,
                    804
                ],
                [
                    1795,
                    765
                ],
                [
                    1952,
                    805
                ],
                [
                    1969,
                    620
                ],
                [
                    2155,
                    634
                ],
                [
                    1795,
                    620
                ],
                [
                    1952,
                    634
                ]
            ],
            "3d_bbox_w": [
                [
                    10.912244577000001,
                    -2.4402839999999997,
                    -28.654259915800004
                ],
                [
                    11.012509707000001,
                    -2.4402839999999997,
                    -24.199368784199997
                ],
                [
                    9.027090292999999,
                    -2.4402839999999997,
                    -28.611831215800002
                ],
                [
                    9.127355423,
                    -2.4402839999999997,
                    -24.156940084199995
                ],
                [
                    10.912244577000001,
                    -0.871519999999997,
                    -28.654259915800004
                ],
                [
                    11.012509707000001,
                    -0.871519999999997,
                    -24.199368784199997
                ],
                [
                    9.027090292999999,
                    -0.871519999999997,
                    -28.611831215800002
                ],
                [
                    9.127355423,
                    -0.871519999999997,
                    -24.156940084199995
                ]
            ]
        },
        "16": {
            "model_file": "models\\pedestrian_001.obj",
            "matrix": [
                -0.0834,
                -0.9965,
                0.0,
                5.0712,
                0.0,
                0.0,
                1.0,
                -0.2176,
                -0.9965,
                0.0834,
                0.0,
                -38.4031,
                0.0,
                0.0,
                0.0,
                1.0
            ],
            "actor_id": 0,
            "R_matrix_c2o": [
                -0.08340000000000013,
                -0.9965,
                -6.123233995736766e-17,
                5.106777152444463e-18,
                6.101802676751688e-17,
                -1.0,
                0.9965,
                -0.08340000000000013,
                -7.498798913309288e-33
            ],
            "T_matrix_c2o": [
                5.0712,
                0.2176,
                39.853100000000005
            ],
            "class": 5,
            "class_name": "Pedestrian",
            "size": [
                0.91,
                0.33,
                1.77
            ],
            "2d_bbox": [
                1296.53,
                430.37,
                1332.38,
                555.31
            ],
            "3d_bbox": [
                [
                    1332,
                    555
                ],
                [
                    1309,
                    555
                ],
                [
                    1318,
                    554
                ],
                [
                    1296,
                    554
                ],
                [
                    1332,
                    430
                ],
                [
                    1309,
                    430
                ],
                [
                    1318,
                    432
                ],
                [
                    1296,
                    432
                ]
            ],
            "3d_bbox_w": [
                [
                    5.2721472484000005,
                    -0.21656899999999998,
                    -37.9656515029
                ],
                [
                    4.9457616104,
                    -0.21656899999999998,
                    -37.9383353341
                ],
                [
                    5.1966383896,
                    -0.21656899999999998,
                    -38.8678646659
                ],
                [
                    4.8702527516,
                    -0.21656899999999998,
                    -38.8405484971
                ],
                [
                    5.2721472484000005,
                    1.5510390000000016,
                    -37.9656515029
                ],
                [
                    4.9457616104,
                    1.5510390000000016,
                    -37.9383353341
                ],
                [
                    5.1966383896,
                    1.5510390000000016,
                    -38.8678646659
                ],
                [
                    4.8702527516,
                    1.5510390000000016,
                    -38.8405484971
                ]
            ]
        },
        "17": {
            "model_file": "models\\car_001.obj",
            "matrix": [
                0.9994,
                -0.0354,
                0.0,
                -21.7626,
                0.0,
                0.0,
                1.0,
                8.0166,
                -0.0354,
                -0.9994,
                0.0,
                -85.9118,
                0.0,
                0.0,
                0.0,
                1.0
            ],
            "actor_id": 0,
            "R_matrix_c2o": [
                0.9994,
                -0.035400000000000126,
                -6.123233995736766e-17,
                -6.119560055339324e-17,
                2.1676248344908153e-18,
                -1.0,
                0.035400000000000126,
                0.9994,
                -7.498798913309288e-33
            ],
            "T_matrix_c2o": [
                -21.7626,
                -8.0166,
                87.3618
            ],
            "class": 2,
            "class_name": "Car",
            "size": [
                1.42,
                4.2,
                1.7
            ],
            "2d_bbox": [
                219.82,
                226.46,
                310.79,
                291.01
            ],
            "3d_bbox": [
                [
                    219,
                    277
                ],
                [
                    251,
                    290
                ],
                [
                    282,
                    277
                ],
                [
                    310,
                    291
                ],
                [
                    219,
                    226
                ],
                [
                    251,
                    242
                ],
                [
                    282,
                    226
                ],
                [
                    310,
                    242
                ]
            ],
            "3d_bbox_w": [
                [
                    -22.6260190484,
                    8.015416,
                    -83.65164562439999
                ],
                [
                    -22.7837695196,
                    8.015416,
                    -88.10519988760001
                ],
                [
                    -20.7414304804,
                    8.015416,
                    -83.71840011239999
                ],
                [
                    -20.8991809516,
                    8.015416,
                    -88.17195437560001
                ],
                [
                    -22.6260190484,
                    9.584180000000005,
                    -83.65164562439999
                ],
                [
                    -22.7837695196,
                    9.584180000000005,
                    -88.10519988760001
                ],
                [
                    -20.7414304804,
                    9.584180000000005,
                    -83.71840011239999
                ],
                [
                    -20.8991809516,
                    9.584180000000005,
                    -88.17195437560001
                ]
            ]
        },
        "18": {
            "model_file": "models\\car_001.obj",
            "matrix": [
                -0.9991,
                0.0425,
                0.0,
                3.8637,
                0.0,
                0.0,
                1.0,
                -4.7638,
                0.0425,
                0.9991,
                0.0,
                -15.8514,
                0.0,
                0.0,
                0.0,
                1.0
            ],
            "actor_id": 0,
            "R_matrix_c2o": [
                -0.9991,
                0.04250000000000013,
                -6.123233995736766e-17,
                6.117723085140603e-17,
                -2.6023744481881256e-18,
                -1.0,
                -0.04250000000000013,
                -0.9991,
                -7.498798913309288e-33
            ],
            "T_matrix_c2o": [
                3.8637,
                4.7638,
                17.3014
            ],
            "class": 2,
            "class_name": "Car",
            "size": [
                1.42,
                4.2,
                1.7
            ],
            "2d_bbox": [
                1363.87,
                994.75,
                1862.57,
                1422.31
            ],
            "3d_bbox": [
                [
                    1630,
                    1217
                ],
                [
                    1862,
                    1417
                ],
                [
                    1363,
                    1220
                ],
                [
                    1518,
                    1422
                ],
                [
                    1630,
                    994
                ],
                [
                    1862,
                    1128
                ],
                [
                    1363,
                    996
                ],
                [
                    1518,
                    1131
                ]
            ],
            "3d_bbox_w": [
                [
                    4.711016581000002,
                    -4.764984,
                    -18.117580247400003
                ],
                [
                    4.900406271000002,
                    -4.764984,
                    -13.665362852599996
                ],
                [
                    2.826993728999998,
                    -4.764984,
                    -18.037437147400002
                ],
                [
                    3.016383418999999,
                    -4.764984,
                    -13.585219752599997
                ],
                [
                    4.711016581000002,
                    -3.1962199999999967,
                    -18.117580247400003
                ],
                [
                    4.900406271000002,
                    -3.1962199999999967,
                    -13.665362852599996
                ],
                [
                    2.826993728999998,
                    -3.1962199999999967,
                    -18.037437147400002
                ],
                [
                    3.016383418999999,
                    -3.1962199999999967,
                    -13.585219752599997
                ]
            ]
        },
        "19": {
            "model_file": "models\\car_001.obj",
            "matrix": [
                -0.9997,
                0.0237,
                0.0,
                -5.8316,
                0.0,
                0.0,
                1.0,
                -2.0923,
                0.0237,
                0.9997,
                0.0,
                -25.926,
                0.0,
                0.0,
                0.0,
                1.0
            ],
            "actor_id": 0,
            "R_matrix_c2o": [
                -0.9997,
                0.02370000000000012,
                -6.123233995736766e-17,
                6.121397025538046e-17,
                -1.4512064569896136e-18,
                -1.0,
                -0.02370000000000012,
                -0.9997,
                -7.498798913309288e-33
            ],
            "T_matrix_c2o": [
                -5.8316,
                2.0923,
                27.375999999999998
            ],
            "class": 2,
            "class_name": "Car",
            "size": [
                1.42,
                4.2,
                1.7
            ],
            "2d_bbox": [
                215.27,
                589.31,
                495.61,
                771.96
            ],
            "3d_bbox": [
                [
                    495,
                    736
                ],
                [
                    425,
                    771
                ],
                [
                    317,
                    737
                ],
                [
                    215,
                    771
                ],
                [
                    495,
                    589
                ],
                [
                    425,
                    598
                ],
                [
                    317,
                    589
                ],
                [
                    215,
                    598
                ]
            ],
            "3d_bbox_w": [
                [
                    -4.941829159799998,
                    -2.0934839999999997,
                    -28.1757913478
                ],
                [
                    -4.836216556199998,
                    -2.0934839999999997,
                    -23.720900216199993
                ],
                [
                    -6.826983443800001,
                    -2.0934839999999997,
                    -28.131099783800003
                ],
                [
                    -6.721370840200001,
                    -2.0934839999999997,
                    -23.676208652199996
                ],
                [
                    -4.941829159799998,
                    -0.5247199999999985,
                    -28.1757913478
                ],
                [
                    -4.836216556199998,
                    -0.5247199999999985,
                    -23.720900216199993
                ],
                [
                    -6.826983443800001,
                    -0.5247199999999985,
                    -28.131099783800003
                ],
                [
                    -6.721370840200001,
                    -0.5247199999999985,
                    -23.676208652199996
                ]
            ]
        },
        "20": {
            "model_file": "models\\car_001.obj",
            "matrix": [
                -0.9994,
                0.0354,
                0.0,
                -5.0141,
                0.0,
                0.0,
                1.0,
                25.3809,
                0.0354,
                0.9994,
                0.0,
                -186.97,
                0.0,
                0.0,
                0.0,
                1.0
            ],
            "actor_id": 0,
            "R_matrix_c2o": [
                -0.9994,
                0.035400000000000126,
                -6.123233995736766e-17,
                6.119560055339324e-17,
                -2.1676248344908153e-18,
                -1.0,
                -0.035400000000000126,
                -0.9994,
                -7.498798913309288e-33
            ],
            "T_matrix_c2o": [
                -5.0141,
                -25.3809,
                188.42
            ],
            "class": 2,
            "class_name": "Car",
            "size": [
                1.42,
                4.2,
                1.7
            ],
            "2d_bbox": [
                871.85,
                136.99,
                900.31,
                169.45
            ],
            "3d_bbox": [
                [
                    899,
                    169
                ],
                [
                    900,
                    160
                ],
                [
                    871,
                    169
                ],
                [
                    872,
                    160
                ],
                [
                    899,
                    146
                ],
                [
                    900,
                    137
                ],
                [
                    871,
                    146
                ],
                [
                    872,
                    136
                ]
            ],
            "3d_bbox_w": [
                [
                    -4.150680951599998,
                    25.379716000000002,
                    -189.2301543756
                ],
                [
                    -3.992930480399998,
                    25.379716000000002,
                    -184.7766001124
                ],
                [
                    -6.035269519600002,
                    25.379716000000002,
                    -189.1633998876
                ],
                [
                    -5.877519048400002,
                    25.379716000000002,
                    -184.7098456244
                ],
                [
                    -4.150680951599998,
                    26.948480000000004,
                    -189.2301543756
                ],
                [
                    -3.992930480399998,
                    26.948480000000004,
                    -184.7766001124
                ],
                [
                    -6.035269519600002,
                    26.948480000000004,
                    -189.1633998876
                ],
                [
                    -5.877519048400002,
                    26.948480000000004,
                    -184.7098456244
                ]
            ]
        },
        "21": {
            "model_file": "models\\car_001.obj",
            "matrix": [
                -0.9997,
                0.0225,
                0.0,
                -2.6306,
                0.0,
                0.0,
                1.0,
                12.0263,
                0.0225,
                0.9997,
                0.0,
                -109.2188,
                0.0,
                0.0,
                0.0,
                1.0
            ],
            "actor_id": 0,
            "R_matrix_c2o": [
                -0.9997,
                0.02250000000000012,
                -6.123233995736766e-17,
                6.121397025538046e-17,
                -1.3777276490407724e-18,
                -1.0,
                -0.02250000000000012,
                -0.9997,
                -7.498798913309288e-33
            ],
            "T_matrix_c2o": [
                -2.6306,
                -12.0263,
                110.6688
            ],
            "class": 2,
            "class_name": "Car",
            "size": [
                1.42,
                4.2,
                1.7
            ],
            "2d_bbox": [
                869.54,
                190.94,
                917.96,
                243.52
            ],
            "3d_bbox": [
                [
                    917,
                    243
                ],
                [
                    917,
                    231
                ],
                [
                    870,
                    243
                ],
                [
                    869,
                    231
                ],
                [
                    917,
                    204
                ],
                [
                    917,
                    191
                ],
                [
                    870,
                    204
                ],
                [
                    869,
                    190
                ]
            ],
            "3d_bbox_w": [
                [
                    -1.7381554229999987,
                    12.025116,
                    -111.4674599158
                ],
                [
                    -1.6378902929999983,
                    12.025116,
                    -107.0125687842
                ],
                [
                    -3.6233097070000015,
                    12.025116,
                    -111.4250312158
                ],
                [
                    -3.523044577000001,
                    12.025116,
                    -106.9701400842
                ],
                [
                    -1.7381554229999987,
                    13.593880000000004,
                    -111.4674599158
                ],
                [
                    -1.6378902929999983,
                    13.593880000000004,
                    -107.0125687842
                ],
                [
                    -3.6233097070000015,
                    13.593880000000004,
                    -111.4250312158
                ],
                [
                    -3.523044577000001,
                    13.593880000000004,
                    -106.9701400842
                ]
            ]
        },
        "22": {
            "model_file": "models\\tram_001.obj",
            "matrix": [
                -0.9995,
                0.0319,
                0.0015,
                0.5905,
                -0.0013,
                -0.0872,
                0.9962,
                -2.7134,
                0.0319,
                0.9957,
                0.0872,
                -27.9441,
                0.0,
                0.0,
                0.0,
                1.0
            ],
            "actor_id": 0,
            "R_matrix_c2o": [
                -0.9995,
                0.03190000000000013,
                0.0014999999999999497,
                0.001300000000000061,
                0.0872,
                -0.9962,
                -0.03190000000000012,
                -0.9957,
                -0.0872
            ],
            "T_matrix_c2o": [
                0.5905,
                2.7134,
                29.394099999999998
            ],
            "class": 1,
            "class_name": "Tram",
            "size": [
                2.62,
                10.8,
                3.16
            ],
            "2d_bbox": [
                887.12,
                422.93,
                1251.13,
                1003.72
            ],
            "3d_bbox": [
                [
                    1080,
                    689
                ],
                [
                    1246,
                    1001
                ],
                [
                    887,
                    689
                ],
                [
                    900,
                    1003
                ],
                [
                    1081,
                    422
                ],
                [
                    1251,
                    525
                ],
                [
                    887,
                    422
                ],
                [
                    900,
                    525
                ]
            ],
            "3d_bbox_w": [
                [
                    1.630263921481748,
                    -2.0284944696775646,
                    -36.35481978385923
                ],
                [
                    2.1654958650776743,
                    -3.4931620306777433,
                    -19.625244339363043
                ],
                [
                    -0.9846681049876419,
                    -2.031854836561248,
                    -36.27145405021237
                ],
                [
                    -0.4494361613917156,
                    -3.4965223975614266,
                    -19.541878605716185
                ],
                [
                    1.6356875471778016,
                    1.576357496053312,
                    -36.039389971775904
                ],
                [
                    2.170919490773728,
                    0.11168993505313285,
                    -19.309814527279723
                ],
                [
                    -0.9792444792915881,
                    1.5729971291696287,
                    -35.95602423812905
                ],
                [
                    -0.4440125356956618,
                    0.10832956816945005,
                    -19.226448793632866
                ]
            ]
        }
    },
    "camera": {
        "matrix": [
            1.0,
            0.0,
            0.0,
            0.0,
            0.0,
            1.0,
            0.0,
            0.0,
            0.0,
            0.0,
            1.0,
            1.45,
            0.0,
            0.0,
            0.0,
            1.0
        ],
        "position": [
            0.0,
            0.0,
            1.45
        ],
        "focalPoint": [
            0.0,
            0.0,
            0.0
        ],
        "fov": 38.11,
        "viewup": [
            0.0,
            1.0,
            0.0
        ],
        "distance": 1.45
    }
}