{
    "image_file": "images\\scene1\\000033.png",
    "model": {
        "num": 26,
        "0": {
            "model_file": "models\\pedestrian_001.obj",
            "matrix": [
                0.6914,
                0.7224,
                0.0,
                26.2046,
                0.0,
                0.0,
                1.0,
                7.956,
                0.7224,
                -0.6914,
                0.0,
                -65.7952,
                0.0,
                0.0,
                0.0,
                1.0
            ],
            "actor_id": 0,
            "R_matrix_c2o": [
                0.6914000000000001,
                0.7223999999999999,
                -6.123233995736766e-17,
                -4.2336039846524004e-17,
                -4.4234242385202403e-17,
                -1.0,
                -0.7223999999999999,
                0.6914000000000001,
                -7.498798913309288e-33
            ],
            "T_matrix_c2o": [
                26.2046,
                -7.956,
                67.20519999999999
            ],
            "class": 5,
            "class_name": "Pedestrian",
            "size": [
                0.91,
                0.33,
                1.77
            ],
            "2d_bbox": [
                1994.92,
                145.68,
                2036.39,
                221.56
            ],
            "3d_bbox": [
                [
                    1994,
                    220
                ],
                [
                    2000,
                    221
                ],
                [
                    2030,
                    217
                ],
                [
                    2036,
                    218
                ],
                [
                    1994,
                    149
                ],
                [
                    2000,
                    150
                ],
                [
                    2030,
                    145
                ],
                [
                    2036,
                    147
                ]
            ],
            "3d_bbox_w": [
                [
                    25.773304884199998,
                    7.957031000000001,
                    -66.00899616599999
                ],
                [
                    26.009914001,
                    7.957031000000001,
                    -66.2354517908
                ],
                [
                    26.399285999,
                    7.957031000000001,
                    -65.35494820919999
                ],
                [
                    26.6358951158,
                    7.957031000000001,
                    -65.581403834
                ],
                [
                    25.773304884199998,
                    9.724639000000007,
                    -66.00899616599999
                ],
                [
                    26.009914001,
                    9.724639000000007,
                    -66.2354517908
                ],
                [
                    26.399285999,
                    9.724639000000007,
                    -65.35494820919999
                ],
                [
                    26.6358951158,
                    9.724639000000007,
                    -65.581403834
                ]
            ]
        },
        "1": {
            "model_file": "models\\car_001.obj",
            "matrix": [
                0.008,
                1.0,
                0.0,
                37.2825,
                0.0,
                0.0,
                1.0,
                17.3082,
                1.0,
                -0.008,
                0.0,
                -104.1524,
                0.0,
                0.0,
                0.0,
                1.0
            ],
            "actor_id": 0,
            "R_matrix_c2o": [
                0.008000000000000123,
                1.0,
                -6.123233995736766e-17,
                -4.898587196589413e-19,
                -6.123233995736766e-17,
                -1.0,
                -1.0,
                0.008000000000000123,
                -7.498798913309288e-33
            ],
            "T_matrix_c2o": [
                37.2825,
                -17.3082,
                105.5624
            ],
            "class": 2,
            "class_name": "Car",
            "size": [
                1.42,
                4.2,
                1.7
            ],
            "2d_bbox": [
                1850.99,
                51.48,
                1982.42,
                100.16
            ],
            "3d_bbox": [
                [
                    1850,
                    100
                ],
                [
                    1963,
                    100
                ],
                [
                    1867,
                    92
                ],
                [
                    1982,
                    92
                ],
                [
                    1850,
                    60
                ],
                [
                    1963,
                    60
                ],
                [
                    1867,
                    51
                ],
                [
                    1982,
                    51
                ]
            ],
            "3d_bbox_w": [
                [
                    35.04684312,
                    17.307016,
                    -105.077435088
                ],
                [
                    39.50307112,
                    17.307016,
                    -105.113084912
                ],
                [
                    35.061928879999996,
                    17.307016,
                    -103.191715088
                ],
                [
                    39.51815688,
                    17.307016,
                    -103.227364912
                ],
                [
                    35.04684312,
                    18.87578,
                    -105.077435088
                ],
                [
                    39.50307112,
                    18.87578,
                    -105.113084912
                ],
                [
                    35.061928879999996,
                    18.87578,
                    -103.191715088
                ],
                [
                    39.51815688,
                    18.87578,
                    -103.227364912
                ]
            ]
        },
        "2": {
            "model_file": "models\\car_001.obj",
            "matrix": [
                -0.9993,
                0.0378,
                0.0,
                -1.6222,
                0.0,
                0.0,
                1.0,
                -2.1872,
                0.0378,
                0.9993,
                0.0,
                -21.3498,
                0.0,
                0.0,
                0.0,
                1.0
            ],
            "actor_id": 0,
            "R_matrix_c2o": [
                -0.9993,
                0.037800000000000125,
                -6.123233995736766e-17,
                6.11894773193975e-17,
                -2.3145824503884977e-18,
                -1.0,
                -0.037800000000000125,
                -0.9993,
                -7.498798913309288e-33
            ],
            "T_matrix_c2o": [
                -1.6222,
                2.1872,
                22.7598
            ],
            "class": 2,
            "class_name": "Car",
            "size": [
                1.42,
                4.2,
                1.7
            ],
            "2d_bbox": [
                632.43,
                607.04,
                881.59,
                829.03
            ],
            "3d_bbox": [
                [
                    877,
                    776
                ],
                [
                    881,
                    828
                ],
                [
                    672,
                    777
                ],
                [
                    632,
                    829
                ],
                [
                    877,
                    607
                ],
                [
                    881,
                    621
                ],
                [
                    672,
                    607
                ],
                [
                    632,
                    621
                ]
            ],
            "3d_bbox_w": [
                [
                    -0.764222711199996,
                    -2.1883839999999997,
                    -23.611994428200006
                ],
                [
                    -0.5957772927999956,
                    -2.1883839999999997,
                    -19.158885787799992
                ],
                [
                    -2.648622707200005,
                    -2.1883839999999997,
                    -23.540714212200005
                ],
                [
                    -2.480177288800004,
                    -2.1883839999999997,
                    -19.08760557179999
                ],
                [
                    -0.764222711199996,
                    -0.619619999999995,
                    -23.611994428200006
                ],
                [
                    -0.5957772927999956,
                    -0.619619999999995,
                    -19.158885787799992
                ],
                [
                    -2.648622707200005,
                    -0.619619999999995,
                    -23.540714212200005
                ],
                [
                    -2.480177288800004,
                    -0.619619999999995,
                    -19.08760557179999
                ]
            ]
        },
        "3": {
            "model_file": "models\\car_001.obj",
            "matrix": [
                0.0168,
                0.9999,
                0.0,
                -45.2885,
                0.0,
                0.0,
                1.0,
                16.9977,
                0.9999,
                -0.0168,
                0.0,
                -111.2249,
                0.0,
                0.0,
                0.0,
                1.0
            ],
            "actor_id": 0,
            "R_matrix_c2o": [
                0.01680000000000012,
                0.9999,
                -6.123233995736766e-17,
                -1.0287033112837766e-18,
                -6.122621672337193e-17,
                -1.0,
                -0.9999,
                0.01680000000000012,
                -7.498798913309288e-33
            ],
            "T_matrix_c2o": [
                -45.2885,
                -16.9977,
                112.6349
            ],
            "class": 2,
            "class_name": "Car",
            "size": [
                1.42,
                4.2,
                1.7
            ],
            "2d_bbox": [
                -191.71,
                89.86,
                -66.42,
                135.01
            ],
            "3d_bbox": [
                [
                    -173,
                    134
                ],
                [
                    -66,
                    135
                ],
                [
                    -191,
                    127
                ],
                [
                    -82,
                    128
                ],
                [
                    -173,
                    97
                ],
                [
                    -66,
                    97
                ],
                [
                    -191,
                    89
                ],
                [
                    -82,
                    90
                ]
            ],
            "3d_bbox_w": [
                [
                    -47.532231236600005,
                    16.996516,
                    -112.1302333988
                ],
                [
                    -43.07644885939999,
                    16.996516,
                    -112.2050980292
                ],
                [
                    -47.50055114060001,
                    16.996516,
                    -110.24470197080001
                ],
                [
                    -43.04476876339999,
                    16.996516,
                    -110.31956660120001
                ],
                [
                    -47.532231236600005,
                    18.56528,
                    -112.1302333988
                ],
                [
                    -43.07644885939999,
                    18.56528,
                    -112.2050980292
                ],
                [
                    -47.50055114060001,
                    18.56528,
                    -110.24470197080001
                ],
                [
                    -43.04476876339999,
                    18.56528,
                    -110.31956660120001
                ]
            ]
        },
        "4": {
            "model_file": "models\\car_001.obj",
            "matrix": [
                0.0517,
                0.9987,
                0.0,
                -18.5675,
                0.0,
                0.0,
                1.0,
                2.2516,
                0.9987,
                -0.0517,
                0.0,
                -44.8887,
                0.0,
                0.0,
                0.0,
                1.0
            ],
            "actor_id": 0,
            "R_matrix_c2o": [
                0.05170000000000013,
                0.9987,
                -6.123233995736766e-17,
                -3.165711975795908e-18,
                -6.115273791542308e-17,
                -1.0,
                -0.9987,
                0.05170000000000013,
                -7.498798913309288e-33
            ],
            "T_matrix_c2o": [
                -18.5675,
                -2.2516,
                46.2987
            ],
            "class": 2,
            "class_name": "Car",
            "size": [
                1.42,
                4.2,
                1.7
            ],
            "2d_bbox": [
                -281.29,
                311.47,
                22.96,
                411.35
            ],
            "3d_bbox": [
                [
                    -237,
                    410
                ],
                [
                    22,
                    411
                ],
                [
                    -281,
                    405
                ],
                [
                    -10,
                    406
                ],
                [
                    -237,
                    320
                ],
                [
                    22,
                    321
                ],
                [
                    -281,
                    311
                ],
                [
                    -10,
                    312
                ]
            ],
            "3d_bbox_w": [
                [
                    -20.841463313800006,
                    2.250416,
                    -45.7151407882
                ],
                [
                    -16.391028410199993,
                    2.250416,
                    -45.9455277758
                ],
                [
                    -20.743971589800005,
                    2.250416,
                    -43.8318722242
                ],
                [
                    -16.293536686199992,
                    2.250416,
                    -44.0622592118
                ],
                [
                    -20.841463313800006,
                    3.8191800000000047,
                    -45.7151407882
                ],
                [
                    -16.391028410199993,
                    3.8191800000000047,
                    -45.9455277758
                ],
                [
                    -20.743971589800005,
                    3.8191800000000047,
                    -43.8318722242
                ],
                [
                    -16.293536686199992,
                    3.8191800000000047,
                    -44.0622592118
                ]
            ]
        },
        "5": {
            "model_file": "models\\car_001.obj",
            "matrix": [
                0.008,
                1.0,
                0.0,
                37.5334,
                0.0,
                0.0,
                1.0,
                16.6938,
                1.0,
                -0.008,
                0.0,
                -101.9518,
                0.0,
                0.0,
                0.0,
                1.0
            ],
            "actor_id": 0,
            "R_matrix_c2o": [
                0.008000000000000123,
                1.0,
                -6.123233995736766e-17,
                -4.898587196589413e-19,
                -6.123233995736766e-17,
                -1.0,
                -1.0,
                0.008000000000000123,
                -7.498798913309288e-33
            ],
            "T_matrix_c2o": [
                37.5334,
                -16.6938,
                103.3618
            ],
            "class": 2,
            "class_name": "Car",
            "size": [
                1.42,
                4.2,
                1.7
            ],
            "2d_bbox": [
                1876.3,
                57.22,
                2011.02,
                106.82
            ],
            "3d_bbox": [
                [
                    1876,
                    106
                ],
                [
                    1991,
                    106
                ],
                [
                    1893,
                    98
                ],
                [
                    2011,
                    98
                ],
                [
                    1876,
                    65
                ],
                [
                    1991,
                    66
                ],
                [
                    1893,
                    57
                ],
                [
                    2011,
                    57
                ]
            ],
            "3d_bbox_w": [
                [
                    35.29774312,
                    16.692616,
                    -102.876835088
                ],
                [
                    39.75397112,
                    16.692616,
                    -102.91248491200001
                ],
                [
                    35.31282888,
                    16.692616,
                    -100.991115088
                ],
                [
                    39.76905688,
                    16.692616,
                    -101.026764912
                ],
                [
                    35.29774312,
                    18.26138,
                    -102.876835088
                ],
                [
                    39.75397112,
                    18.26138,
                    -102.91248491200001
                ],
                [
                    35.31282888,
                    18.26138,
                    -100.991115088
                ],
                [
                    39.76905688,
                    18.26138,
                    -101.026764912
                ]
            ]
        },
        "6": {
            "model_file": "models\\car_001.obj",
            "matrix": [
                -1.0,
                0.0033,
                0.0,
                1.7845,
                0.0,
                0.0,
                1.0,
                11.9533,
                0.0033,
                1.0,
                0.0,
                -86.479,
                0.0,
                0.0,
                0.0,
                1.0
            ],
            "actor_id": 0,
            "R_matrix_c2o": [
                -1.0,
                0.0033000000000001223,
                -6.123233995736766e-17,
                6.123233995736766e-17,
                -2.0206672185931328e-19,
                -1.0,
                -0.0033000000000001223,
                -1.0,
                -7.498798913309288e-33
            ],
            "T_matrix_c2o": [
                1.7845,
                -11.9533,
                87.889
            ],
            "class": 2,
            "class_name": "Car",
            "size": [
                1.42,
                4.2,
                1.7
            ],
            "2d_bbox": [
                985.06,
                112.67,
                1046.42,
                180.96
            ],
            "3d_bbox": [
                [
                    1041,
                    180
                ],
                [
                    1046,
                    162
                ],
                [
                    985,
                    180
                ],
                [
                    986,
                    162
                ],
                [
                    1041,
                    133
                ],
                [
                    1046,
                    112
                ],
                [
                    985,
                    133
                ],
                [
                    986,
                    112
                ]
            ],
            "3d_bbox_w": [
                [
                    2.720007223800004,
                    11.952116,
                    -88.71022543800001
                ],
                [
                    2.7347127762000047,
                    11.952116,
                    -84.253997438
                ],
                [
                    0.8342872237999954,
                    11.952116,
                    -88.704002562
                ],
                [
                    0.8489927761999956,
                    11.952116,
                    -84.24777456199999
                ],
                [
                    2.720007223800004,
                    13.520880000000005,
                    -88.71022543800001
                ],
                [
                    2.7347127762000047,
                    13.520880000000005,
                    -84.253997438
                ],
                [
                    0.8342872237999954,
                    13.520880000000005,
                    -88.704002562
                ],
                [
                    0.8489927761999956,
                    13.520880000000005,
                    -84.24777456199999
                ]
            ]
        },
        "7": {
            "model_file": "models\\tram_001.obj",
            "matrix": [
                0.0345,
                0.9994,
                0.0,
                -2.4615,
                0.0,
                0.0,
                1.0,
                3.3296,
                0.9994,
                -0.0345,
                0.0,
                -46.995,
                0.0,
                0.0,
                0.0,
                1.0
            ],
            "actor_id": 0,
            "R_matrix_c2o": [
                0.03450000000000013,
                0.9994,
                -6.123233995736766e-17,
                -2.1125157285291846e-18,
                -6.119560055339324e-17,
                -1.0,
                -0.9994,
                0.03450000000000013,
                -7.498798913309288e-33
            ],
            "T_matrix_c2o": [
                -2.4615,
                -3.3296,
                48.404999999999994
            ],
            "class": 1,
            "class_name": "Tram",
            "size": [
                2.62,
                10.8,
                3.16
            ],
            "2d_bbox": [
                334.66,
                140.99,
                1301.6,
                362.4
            ],
            "3d_bbox": [
                [
                    362,
                    360
                ],
                [
                    1278,
                    362
                ],
                [
                    334,
                    350
                ],
                [
                    1301,
                    352
                ],
                [
                    362,
                    162
                ],
                [
                    1278,
                    166
                ],
                [
                    334,
                    140
                ],
                [
                    1301,
                    145
                ]
            ],
            "3d_bbox_w": [
                [
                    -10.90242891150002,
                    3.280285,
                    -48.0124851606
                ],
                [
                    5.88917008050002,
                    3.280285,
                    -48.5921431206
                ],
                [
                    -10.812170080500021,
                    3.280285,
                    -45.397856879399995
                ],
                [
                    5.97942891150002,
                    3.280285,
                    -45.977514839399994
                ],
                [
                    -10.90242891150002,
                    6.898915000000001,
                    -48.0124851606
                ],
                [
                    5.88917008050002,
                    6.898915000000001,
                    -48.5921431206
                ],
                [
                    -10.812170080500021,
                    6.898915000000001,
                    -45.397856879399995
                ],
                [
                    5.97942891150002,
                    6.898915000000001,
                    -45.977514839399994
                ]
            ]
        },
        "8": {
            "model_file": "models\\car_001.obj",
            "matrix": [
                -0.0553,
                -0.9985,
                0.0,
                -19.1977,
                0.0,
                0.0,
                1.0,
                1.509,
                -0.9985,
                0.0553,
                0.0,
                -41.6112,
                0.0,
                0.0,
                0.0,
                1.0
            ],
            "actor_id": 0,
            "R_matrix_c2o": [
                -0.05530000000000013,
                -0.9985,
                -6.123233995736766e-17,
                3.3861483996424317e-18,
                6.114049144743161e-17,
                -1.0,
                0.9985,
                -0.05530000000000013,
                -7.498798913309288e-33
            ],
            "T_matrix_c2o": [
                -19.1977,
                -1.509,
                43.02119999999999
            ],
            "class": 2,
            "class_name": "Car",
            "size": [
                1.42,
                4.2,
                1.7
            ],
            "2d_bbox": [
                -418.9,
                341.49,
                -85.47,
                447.41
            ],
            "3d_bbox": [
                [
                    -125,
                    443
                ],
                [
                    -418,
                    442
                ],
                [
                    -85,
                    447
                ],
                [
                    -366,
                    446
                ],
                [
                    -125,
                    342
                ],
                [
                    -418,
                    341
                ],
                [
                    -85,
                    351
                ],
                [
                    -366,
                    350
                ]
            ],
            "3d_bbox_w": [
                [
                    -16.920788013,
                    1.5078159999999998,
                    -40.792968994199995
                ],
                [
                    -21.370331671000006,
                    1.5078159999999998,
                    -40.5465395858
                ],
                [
                    -17.025068328999996,
                    1.5078159999999998,
                    -42.675860414199995
                ],
                [
                    -21.474611987000003,
                    1.5078159999999998,
                    -42.4294310058
                ],
                [
                    -16.920788013,
                    3.0765800000000025,
                    -40.792968994199995
                ],
                [
                    -21.370331671000006,
                    3.0765800000000025,
                    -40.5465395858
                ],
                [
                    -17.025068328999996,
                    3.0765800000000025,
                    -42.675860414199995
                ],
                [
                    -21.474611987000003,
                    3.0765800000000025,
                    -42.4294310058
                ]
            ]
        },
        "9": {
            "model_file": "models\\car_001.obj",
            "matrix": [
                0.9998,
                -0.0185,
                0.0,
                39.1149,
                0.0,
                0.0,
                1.0,
                15.4603,
                -0.0185,
                -0.9998,
                0.0,
                -96.6852,
                0.0,
                0.0,
                0.0,
                1.0
            ],
            "actor_id": 0,
            "R_matrix_c2o": [
                0.9998,
                -0.01850000000000012,
                -6.123233995736766e-17,
                -6.122009348937619e-17,
                1.1327982892113017e-18,
                -1.0,
                0.01850000000000012,
                0.9998,
                -7.498798913309288e-33
            ],
            "T_matrix_c2o": [
                39.1149,
                -15.4603,
                98.09519999999999
            ],
            "class": 2,
            "class_name": "Car",
            "size": [
                1.42,
                4.2,
                1.7
            ],
            "2d_bbox": [
                1989.14,
                59.06,
                2092.14,
                122.91
            ],
            "3d_bbox": [
                [
                    2039,
                    103
                ],
                [
                    1989,
                    122
                ],
                [
                    2092,
                    103
                ],
                [
                    2039,
                    122
                ],
                [
                    2039,
                    59
                ],
                [
                    1989,
                    80
                ],
                [
                    2092,
                    59
                ],
                [
                    2039,
                    80
                ]
            ],
            "3d_bbox_w": [
                [
                    38.213448680999996,
                    15.459116,
                    -94.44008871279998
                ],
                [
                    38.13100846299999,
                    15.459116,
                    -98.89542546720001
                ],
                [
                    40.098791537000004,
                    15.459116,
                    -94.47497453279998
                ],
                [
                    40.016351319,
                    15.459116,
                    -98.93031128720001
                ],
                [
                    38.213448680999996,
                    17.027880000000003,
                    -94.44008871279998
                ],
                [
                    38.13100846299999,
                    17.027880000000003,
                    -98.89542546720001
                ],
                [
                    40.098791537000004,
                    17.027880000000003,
                    -94.47497453279998
                ],
                [
                    40.016351319,
                    17.027880000000003,
                    -98.93031128720001
                ]
            ]
        },
        "10": {
            "model_file": "models\\car_001.obj",
            "matrix": [
                0.9998,
                -0.0185,
                0.0,
                42.0572,
                0.0,
                0.0,
                1.0,
                15.3898,
                -0.0185,
                -0.9998,
                0.0,
                -97.1933,
                0.0,
                0.0,
                0.0,
                1.0
            ],
            "actor_id": 0,
            "R_matrix_c2o": [
                0.9998,
                -0.01850000000000012,
                -6.123233995736766e-17,
                -6.122009348937619e-17,
                1.1327982892113017e-18,
                -1.0,
                0.01850000000000012,
                0.9998,
                -7.498798913309288e-33
            ],
            "T_matrix_c2o": [
                42.0572,
                -15.3898,
                98.60329999999999
            ],
            "class": 2,
            "class_name": "Car",
            "size": [
                1.42,
                4.2,
                1.7
            ],
            "2d_bbox": [
                2062.96,
                63.58,
                2168.81,
                126.9
            ],
            "3d_bbox": [
                [
                    2116,
                    107
                ],
                [
                    2062,
                    126
                ],
                [
                    2168,
                    107
                ],
                [
                    2113,
                    126
                ],
                [
                    2116,
                    63
                ],
                [
                    2062,
                    84
                ],
                [
                    2168,
                    63
                ],
                [
                    2113,
                    84
                ]
            ],
            "3d_bbox_w": [
                [
                    41.155748681,
                    15.388615999999999,
                    -94.94818871279998
                ],
                [
                    41.073308463,
                    15.388615999999999,
                    -99.40352546720001
                ],
                [
                    43.04109153700001,
                    15.388615999999999,
                    -94.98307453279998
                ],
                [
                    42.958651319000005,
                    15.388615999999999,
                    -99.43841128720001
                ],
                [
                    41.155748681,
                    16.957380000000004,
                    -94.94818871279998
                ],
                [
                    41.073308463,
                    16.957380000000004,
                    -99.40352546720001
                ],
                [
                    43.04109153700001,
                    16.957380000000004,
                    -94.98307453279998
                ],
                [
                    42.958651319000005,
                    16.957380000000004,
                    -99.43841128720001
                ]
            ]
        },
        "11": {
            "model_file": "models\\car_001.obj",
            "matrix": [
                -1.0,
                0.0033,
                0.0,
                5.0611,
                0.0,
                0.0,
                1.0,
                18.811,
                0.0033,
                1.0,
                0.0,
                -116.9519,
                0.0,
                0.0,
                0.0,
                1.0
            ],
            "actor_id": 0,
            "R_matrix_c2o": [
                -1.0,
                0.0033000000000001223,
                -6.123233995736766e-17,
                6.123233995736766e-17,
                -2.0206672185931328e-19,
                -1.0,
                -0.0033000000000001223,
                -1.0,
                -7.498798913309288e-33
            ],
            "T_matrix_c2o": [
                5.0611,
                -18.811,
                118.36189999999999
            ],
            "class": 2,
            "class_name": "Car",
            "size": [
                1.42,
                4.2,
                1.7
            ],
            "2d_bbox": [
                1052.29,
                64.94,
                1100.13,
                117.74
            ],
            "3d_bbox": [
                [
                    1094,
                    117
                ],
                [
                    1100,
                    101
                ],
                [
                    1052,
                    117
                ],
                [
                    1056,
                    101
                ],
                [
                    1094,
                    82
                ],
                [
                    1100,
                    64
                ],
                [
                    1052,
                    82
                ],
                [
                    1056,
                    64
                ]
            ],
            "3d_bbox_w": [
                [
                    5.996607223800004,
                    18.809816,
                    -119.183125438
                ],
                [
                    6.011312776200004,
                    18.809816,
                    -114.726897438
                ],
                [
                    4.110887223799995,
                    18.809816,
                    -119.176902562
                ],
                [
                    4.125592776199995,
                    18.809816,
                    -114.72067456199999
                ],
                [
                    5.996607223800004,
                    20.378580000000007,
                    -119.183125438
                ],
                [
                    6.011312776200004,
                    20.378580000000007,
                    -114.726897438
                ],
                [
                    4.110887223799995,
                    20.378580000000007,
                    -119.176902562
                ],
                [
                    4.125592776199995,
                    20.378580000000007,
                    -114.72067456199999
                ]
            ]
        },
        "12": {
            "model_file": "models\\pedestrian_001.obj",
            "matrix": [
                -0.0781,
                -0.9969,
                0.0,
                -10.3143,
                0.0,
                0.0,
                1.0,
                4.4495,
                -0.9969,
                0.0781,
                0.0,
                -53.123,
                0.0,
                0.0,
                0.0,
                1.0
            ],
            "actor_id": 0,
            "R_matrix_c2o": [
                -0.07810000000000013,
                -0.9969,
                -6.123233995736766e-17,
                4.782245750670414e-18,
                6.104251970349982e-17,
                -1.0,
                0.9969,
                -0.07810000000000013,
                -7.498798913309288e-33
            ],
            "T_matrix_c2o": [
                -10.3143,
                -4.4495,
                54.532999999999994
            ],
            "class": 5,
            "class_name": "Pedestrian",
            "size": [
                0.91,
                0.33,
                1.77
            ],
            "2d_bbox": [
                437.16,
                228.66,
                458.58,
                320.93
            ],
            "3d_bbox": [
                [
                    453,
                    317
                ],
                [
                    437,
                    317
                ],
                [
                    458,
                    320
                ],
                [
                    442,
                    320
                ],
                [
                    453,
                    228
                ],
                [
                    437,
                    228
                ],
                [
                    458,
                    233
                ],
                [
                    442,
                    233
                ]
            ],
            "3d_bbox_w": [
                [
                    -10.1156865075,
                    4.450531,
                    -52.684502466699996
                ],
                [
                    -10.4422031583,
                    4.450531,
                    -52.6589222175
                ],
                [
                    -10.186396841699999,
                    4.450531,
                    -53.587077782499996
                ],
                [
                    -10.5129134925,
                    4.450531,
                    -53.5614975333
                ],
                [
                    -10.1156865075,
                    6.218139000000005,
                    -52.684502466699996
                ],
                [
                    -10.4422031583,
                    6.218139000000005,
                    -52.6589222175
                ],
                [
                    -10.186396841699999,
                    6.218139000000005,
                    -53.587077782499996
                ],
                [
                    -10.5129134925,
                    6.218139000000005,
                    -53.5614975333
                ]
            ]
        },
        "13": {
            "model_file": "models\\car_001.obj",
            "matrix": [
                -0.6949,
                -0.7191,
                0.0,
                31.2373,
                0.0,
                0.0,
                1.0,
                10.9617,
                -0.7191,
                0.6949,
                0.0,
                -77.4753,
                0.0,
                0.0,
                0.0,
                1.0
            ],
            "actor_id": 0,
            "R_matrix_c2o": [
                -0.6949000000000001,
                -0.7190999999999999,
                -6.123233995736766e-17,
                4.255035303637479e-17,
                4.4032175663343084e-17,
                -1.0,
                0.7190999999999999,
                -0.6949000000000001,
                -7.498798913309288e-33
            ],
            "T_matrix_c2o": [
                31.2373,
                -10.9617,
                78.8853
            ],
            "class": 2,
            "class_name": "Car",
            "size": [
                1.42,
                4.2,
                1.7
            ],
            "2d_bbox": [
                1965.63,
                97.53,
                2096.93,
                174.18
            ],
            "3d_bbox": [
                [
                    2096,
                    167
                ],
                [
                    2029,
                    152
                ],
                [
                    2034,
                    174
                ],
                [
                    1965,
                    159
                ],
                [
                    2096,
                    114
                ],
                [
                    2029,
                    97
                ],
                [
                    2034,
                    121
                ],
                [
                    1965,
                    105
                ]
            ],
            "3d_bbox_w": [
                [
                    33.49473019140001,
                    10.960516,
                    -78.34560579260001
                ],
                [
                    30.2902566366,
                    10.960516,
                    -75.24897295539999
                ],
                [
                    32.184343363400004,
                    10.960516,
                    -79.70162704460002
                ],
                [
                    28.979869808599993,
                    10.960516,
                    -76.6049942074
                ],
                [
                    33.49473019140001,
                    12.529280000000005,
                    -78.34560579260001
                ],
                [
                    30.2902566366,
                    12.529280000000005,
                    -75.24897295539999
                ],
                [
                    32.184343363400004,
                    12.529280000000005,
                    -79.70162704460002
                ],
                [
                    28.979869808599993,
                    12.529280000000005,
                    -76.6049942074
                ]
            ]
        },
        "14": {
            "model_file": "models\\car_001.obj",
            "matrix": [
                -0.9998,
                0.0185,
                0.0,
                36.5289,
                0.0,
                0.0,
                1.0,
                15.6398,
                0.0185,
                0.9998,
                0.0,
                -97.0453,
                0.0,
                0.0,
                0.0,
                1.0
            ],
            "actor_id": 0,
            "R_matrix_c2o": [
                -0.9998,
                0.01850000000000012,
                -6.123233995736766e-17,
                6.122009348937619e-17,
                -1.1327982892113017e-18,
                -1.0,
                -0.01850000000000012,
                -0.9998,
                -7.498798913309288e-33
            ],
            "T_matrix_c2o": [
                36.5289,
                -15.6398,
                98.4553
            ],
            "class": 2,
            "class_name": "Car",
            "size": [
                1.42,
                4.2,
                1.7
            ],
            "2d_bbox": [
                1915.91,
                55.81,
                2015.17,
                119.58
            ],
            "3d_bbox": [
                [
                    1966,
                    119
                ],
                [
                    2015,
                    100
                ],
                [
                    1915,
                    119
                ],
                [
                    1962,
                    99
                ],
                [
                    1966,
                    77
                ],
                [
                    2015,
                    55
                ],
                [
                    1915,
                    77
                ],
                [
                    1962,
                    55
                ]
            ],
            "3d_bbox_w": [
                [
                    37.430351319,
                    15.638615999999999,
                    -99.2904112872
                ],
                [
                    37.512791537000005,
                    15.638615999999999,
                    -94.8350745328
                ],
                [
                    35.545008462999995,
                    15.638615999999999,
                    -99.2555254672
                ],
                [
                    35.627448681,
                    15.638615999999999,
                    -94.8001887128
                ],
                [
                    37.430351319,
                    17.207380000000004,
                    -99.2904112872
                ],
                [
                    37.512791537000005,
                    17.207380000000004,
                    -94.8350745328
                ],
                [
                    35.545008462999995,
                    17.207380000000004,
                    -99.2555254672
                ],
                [
                    35.627448681,
                    17.207380000000004,
                    -94.8001887128
                ]
            ]
        },
        "15": {
            "model_file": "models\\tram_001.obj",
            "matrix": [
                -0.9993,
                0.0378,
                0.0,
                2.4268,
                0.0,
                0.0,
                1.0,
                -4.2313,
                0.0378,
                0.9993,
                0.0,
                -11.8525,
                0.0,
                0.0,
                0.0,
                1.0
            ],
            "actor_id": 0,
            "R_matrix_c2o": [
                -0.9993,
                0.037800000000000125,
                -6.123233995736766e-17,
                6.11894773193975e-17,
                -2.3145824503884977e-18,
                -1.0,
                -0.037800000000000125,
                -0.9993,
                -7.498798913309288e-33
            ],
            "T_matrix_c2o": [
                2.4268,
                4.2313,
                13.2625
            ],
            "class": 1,
            "class_name": "Tram",
            "size": [
                2.62,
                10.8,
                3.16
            ],
            "2d_bbox": [
                1060.49,
                622.56,
                3190.7,
                2945.2
            ],
            "3d_bbox": [
                [
                    1386,
                    1073
                ],
                [
                    3190,
                    2896
                ],
                [
                    1060,
                    1076
                ],
                [
                    1767,
                    2945
                ],
                [
                    1386,
                    622
                ],
                [
                    3190,
                    904
                ],
                [
                    1060,
                    622
                ],
                [
                    1767,
                    911
                ]
            ],
            "3d_bbox_w": [
                [
                    3.416431578700005,
                    -4.280615,
                    -20.296905554200023
                ],
                [
                    4.051535082700006,
                    -4.280615,
                    -3.5069867301999746
                ],
                [
                    0.8020649172999934,
                    -4.280615,
                    -20.198013269800022
                ],
                [
                    1.4371684212999951,
                    -4.280615,
                    -3.408094445799973
                ],
                [
                    3.416431578700005,
                    -0.6619849999999889,
                    -20.296905554200023
                ],
                [
                    4.051535082700006,
                    -0.6619849999999889,
                    -3.5069867301999746
                ],
                [
                    0.8020649172999934,
                    -0.6619849999999889,
                    -20.198013269800022
                ],
                [
                    1.4371684212999951,
                    -0.6619849999999889,
                    -3.408094445799973
                ]
            ]
        },
        "16": {
            "model_file": "models\\pedestrian_001.obj",
            "matrix": [
                0.0713,
                0.9975,
                0.0,
                -10.3327,
                0.0,
                0.0,
                1.0,
                4.4403,
                0.9975,
                -0.0713,
                0.0,
                -53.6921,
                0.0,
                0.0,
                0.0,
                1.0
            ],
            "actor_id": 0,
            "R_matrix_c2o": [
                0.07130000000000013,
                0.9975,
                -6.123233995736766e-17,
                -4.365865838960314e-18,
                -6.107925910747424e-17,
                -1.0,
                -0.9975,
                0.07130000000000013,
                -7.498798913309288e-33
            ],
            "T_matrix_c2o": [
                -10.3327,
                -4.4403,
                55.1021
            ],
            "class": 5,
            "class_name": "Pedestrian",
            "size": [
                0.91,
                0.33,
                1.77
            ],
            "2d_bbox": [
                441.55,
                232.36,
                462.97,
                323.61
            ],
            "3d_bbox": [
                [
                    446,
                    323
                ],
                [
                    462,
                    323
                ],
                [
                    441,
                    319
                ],
                [
                    457,
                    320
                ],
                [
                    446,
                    237
                ],
                [
                    462,
                    237
                ],
                [
                    441,
                    232
                ],
                [
                    457,
                    232
                ]
            ],
            "3d_bbox_w": [
                [
                    -10.528333453300002,
                    4.441331,
                    -54.131982756700005
                ],
                [
                    -10.2016202833,
                    4.441331,
                    -54.15533578830001
                ],
                [
                    -10.463779716700001,
                    4.441331,
                    -53.2288642117
                ],
                [
                    -10.1370665467,
                    4.441331,
                    -53.2522172433
                ],
                [
                    -10.528333453300002,
                    6.208939000000005,
                    -54.131982756700005
                ],
                [
                    -10.2016202833,
                    6.208939000000005,
                    -54.15533578830001
                ],
                [
                    -10.463779716700001,
                    6.208939000000005,
                    -53.2288642117
                ],
                [
                    -10.1370665467,
                    6.208939000000005,
                    -53.2522172433
                ]
            ]
        },
        "17": {
            "model_file": "models\\pedestrian_001.obj",
            "matrix": [
                -1.0,
                0.005,
                0.0,
                -39.0172,
                0.0,
                0.0,
                1.0,
                13.9421,
                0.005,
                1.0,
                0.0,
                -99.2314,
                0.0,
                0.0,
                0.0,
                1.0
            ],
            "actor_id": 0,
            "R_matrix_c2o": [
                -1.0,
                0.005000000000000122,
                -6.123233995736766e-17,
                6.123233995736766e-17,
                -3.061616997868383e-19,
                -1.0,
                -0.005000000000000122,
                -1.0,
                -7.498798913309288e-33
            ],
            "T_matrix_c2o": [
                -39.0172,
                -13.9421,
                100.64139999999999
            ],
            "class": 5,
            "class_name": "Pedestrian",
            "size": [
                0.91,
                0.33,
                1.77
            ],
            "2d_bbox": [
                -103.45,
                116.69,
                -75.68,
                165.55
            ],
            "3d_bbox": [
                [
                    -75,
                    165
                ],
                [
                    -79,
                    164
                ],
                [
                    -100,
                    165
                ],
                [
                    -103,
                    164
                ],
                [
                    -75,
                    118
                ],
                [
                    -79,
                    116
                ],
                [
                    -100,
                    118
                ],
                [
                    -103,
                    116
                ]
            ],
            "3d_bbox_w": [
                [
                    -38.56532783,
                    13.943131,
                    -99.397429455
                ],
                [
                    -38.56369017,
                    13.943131,
                    -99.06989745499999
                ],
                [
                    -39.470709830000004,
                    13.943131,
                    -99.392902545
                ],
                [
                    -39.469072170000004,
                    13.943131,
                    -99.065370545
                ],
                [
                    -38.56532783,
                    15.710739000000006,
                    -99.397429455
                ],
                [
                    -38.56369017,
                    15.710739000000006,
                    -99.06989745499999
                ],
                [
                    -39.470709830000004,
                    15.710739000000006,
                    -99.392902545
                ],
                [
                    -39.469072170000004,
                    15.710739000000006,
                    -99.065370545
                ]
            ]
        },
        "18": {
            "model_file": "models\\pedestrian_001.obj",
            "matrix": [
                0.0713,
                0.9975,
                0.0,
                -11.2599,
                0.0,
                0.0,
                1.0,
                4.5027,
                0.9975,
                -0.0713,
                0.0,
                -53.9513,
                0.0,
                0.0,
                0.0,
                1.0
            ],
            "actor_id": 0,
            "R_matrix_c2o": [
                0.07130000000000013,
                0.9975,
                -6.123233995736766e-17,
                -4.365865838960314e-18,
                -6.107925910747424e-17,
                -1.0,
                -0.9975,
                0.07130000000000013,
                -7.498798913309288e-33
            ],
            "T_matrix_c2o": [
                -11.2599,
                -4.5027,
                55.3613
            ],
            "class": 5,
            "class_name": "Pedestrian",
            "size": [
                0.91,
                0.33,
                1.77
            ],
            "2d_bbox": [
                398.27,
                230.74,
                420.31,
                321.59
            ],
            "3d_bbox": [
                [
                    404,
                    321
                ],
                [
                    420,
                    321
                ],
                [
                    398,
                    317
                ],
                [
                    414,
                    318
                ],
                [
                    404,
                    235
                ],
                [
                    420,
                    235
                ],
                [
                    398,
                    230
                ],
                [
                    414,
                    230
                ]
            ],
            "3d_bbox_w": [
                [
                    -11.455533453300001,
                    4.503731,
                    -54.391182756700005
                ],
                [
                    -11.1288202833,
                    4.503731,
                    -54.41453578830001
                ],
                [
                    -11.3909797167,
                    4.503731,
                    -53.4880642117
                ],
                [
                    -11.064266546699999,
                    4.503731,
                    -53.5114172433
                ],
                [
                    -11.455533453300001,
                    6.2713390000000055,
                    -54.391182756700005
                ],
                [
                    -11.1288202833,
                    6.2713390000000055,
                    -54.41453578830001
                ],
                [
                    -11.3909797167,
                    6.2713390000000055,
                    -53.4880642117
                ],
                [
                    -11.064266546699999,
                    6.2713390000000055,
                    -53.5114172433
                ]
            ]
        },
        "19": {
            "model_file": "models\\car_001.obj",
            "matrix": [
                -0.9991,
                0.0432,
                0.0,
                -1.6571,
                0.0,
                0.0,
                1.0,
                -4.2446,
                0.0432,
                0.9991,
                0.0,
                -12.9449,
                0.0,
                0.0,
                0.0,
                1.0
            ],
            "actor_id": 0,
            "R_matrix_c2o": [
                -0.9991,
                0.04320000000000013,
                -6.123233995736766e-17,
                6.117723085140603e-17,
                -2.645237086158283e-18,
                -1.0,
                -0.04320000000000013,
                -0.9991,
                -7.498798913309288e-33
            ],
            "T_matrix_c2o": [
                -1.6571,
                4.2446,
                14.3549
            ],
            "class": 2,
            "class_name": "Car",
            "size": [
                1.42,
                4.2,
                1.7
            ],
            "2d_bbox": [
                399.47,
                976.01,
                827.86,
                1490.87
            ],
            "3d_bbox": [
                [
                    827,
                    1231
                ],
                [
                    822,
                    1484
                ],
                [
                    518,
                    1234
                ],
                [
                    399,
                    1490
                ],
                [
                    827,
                    976
                ],
                [
                    822,
                    1135
                ],
                [
                    518,
                    978
                ],
                [
                    399,
                    1139
                ]
            ],
            "3d_bbox_w": [
                [
                    -0.8113430987999954,
                    -4.2457840000000004,
                    -15.211740249400009
                ],
                [
                    -0.6188340491999955,
                    -4.2457840000000004,
                    -10.759522854599993
                ],
                [
                    -2.6953659508000047,
                    -4.2457840000000004,
                    -15.130277145400008
                ],
                [
                    -2.502856901200005,
                    -4.2457840000000004,
                    -10.678059750599992
                ],
                [
                    -0.8113430987999954,
                    -2.6770199999999953,
                    -15.211740249400009
                ],
                [
                    -0.6188340491999955,
                    -2.6770199999999953,
                    -10.759522854599993
                ],
                [
                    -2.6953659508000047,
                    -2.6770199999999953,
                    -15.130277145400008
                ],
                [
                    -2.502856901200005,
                    -2.6770199999999953,
                    -10.678059750599992
                ]
            ]
        },
        "20": {
            "model_file": "models\\pedestrian_001.obj",
            "matrix": [
                0.0343,
                0.9994,
                0.0,
                11.3074,
                0.0,
                0.0,
                1.0,
                5.3463,
                0.9994,
                -0.0343,
                0.0,
                -56.0465,
                0.0,
                0.0,
                0.0,
                1.0
            ],
            "actor_id": 0,
            "R_matrix_c2o": [
                0.03430000000000012,
                0.9994,
                -6.123233995736766e-17,
                -2.1002692605377106e-18,
                -6.119560055339324e-17,
                -1.0,
                -0.9994,
                0.03430000000000012,
                -7.498798913309288e-33
            ],
            "T_matrix_c2o": [
                11.3074,
                -5.3463,
                57.4565
            ],
            "class": 5,
            "class_name": "Pedestrian",
            "size": [
                0.91,
                0.33,
                1.77
            ],
            "2d_bbox": [
                1480.29,
                202.07,
                1505.46,
                290.04
            ],
            "3d_bbox": [
                [
                    1480,
                    289
                ],
                [
                    1495,
                    290
                ],
                [
                    1490,
                    286
                ],
                [
                    1505,
                    286
                ],
                [
                    1480,
                    207
                ],
                [
                    1495,
                    207
                ],
                [
                    1490,
                    202
                ],
                [
                    1505,
                    202
                ]
            ],
            "3d_bbox_w": [
                [
                    11.1282049583,
                    5.3473310000000005,
                    -56.4933022116
                ],
                [
                    11.4555404391,
                    5.3473310000000005,
                    -56.504536559200005
                ],
                [
                    11.159259560899999,
                    5.3473310000000005,
                    -55.5884634408
                ],
                [
                    11.4865950417,
                    5.3473310000000005,
                    -55.5996977884
                ],
                [
                    11.1282049583,
                    7.114939000000006,
                    -56.4933022116
                ],
                [
                    11.4555404391,
                    7.114939000000006,
                    -56.504536559200005
                ],
                [
                    11.159259560899999,
                    7.114939000000006,
                    -55.5884634408
                ],
                [
                    11.4865950417,
                    7.114939000000006,
                    -55.5996977884
                ]
            ]
        },
        "21": {
            "model_file": "models\\car_001.obj",
            "matrix": [
                -1.0,
                0.0033,
                0.0,
                0.913,
                0.0,
                0.0,
                1.0,
                17.6072,
                0.0033,
                1.0,
                0.0,
                -112.104,
                0.0,
                0.0,
                0.0,
                1.0
            ],
            "actor_id": 0,
            "R_matrix_c2o": [
                -1.0,
                0.0033000000000001223,
                -6.123233995736766e-17,
                6.123233995736766e-17,
                -2.0206672185931328e-19,
                -1.0,
                -0.0033000000000001223,
                -1.0,
                -7.498798913309288e-33
            ],
            "T_matrix_c2o": [
                0.913,
                -17.6072,
                113.514
            ],
            "class": 2,
            "class_name": "Car",
            "size": [
                1.42,
                4.2,
                1.7
            ],
            "2d_bbox": [
                959.13,
                73.53,
                1005.32,
                128.21
            ],
            "3d_bbox": [
                [
                    1003,
                    128
                ],
                [
                    1005,
                    111
                ],
                [
                    959,
                    128
                ],
                [
                    959,
                    111
                ],
                [
                    1003,
                    91
                ],
                [
                    1005,
                    73
                ],
                [
                    959,
                    91
                ],
                [
                    959,
                    73
                ]
            ],
            "3d_bbox_w": [
                [
                    1.8485072238000044,
                    17.606016,
                    -114.33522543800001
                ],
                [
                    1.8632127762000046,
                    17.606016,
                    -109.878997438
                ],
                [
                    -0.037212776200004516,
                    17.606016,
                    -114.329002562
                ],
                [
                    -0.02250722380000436,
                    17.606016,
                    -109.87277456199999
                ],
                [
                    1.8485072238000044,
                    19.174780000000005,
                    -114.33522543800001
                ],
                [
                    1.8632127762000046,
                    19.174780000000005,
                    -109.878997438
                ],
                [
                    -0.037212776200004516,
                    19.174780000000005,
                    -114.329002562
                ],
                [
                    -0.02250722380000436,
                    19.174780000000005,
                    -109.87277456199999
                ]
            ]
        },
        "22": {
            "model_file": "models\\car_001.obj",
            "matrix": [
                0.008,
                1.0,
                0.0,
                35.7217,
                0.0,
                0.0,
                1.0,
                21.8225,
                1.0,
                -0.008,
                0.0,
                -124.0944,
                0.0,
                0.0,
                0.0,
                1.0
            ],
            "actor_id": 0,
            "R_matrix_c2o": [
                0.008000000000000123,
                1.0,
                -6.123233995736766e-17,
                -4.898587196589413e-19,
                -6.123233995736766e-17,
                -1.0,
                -1.0,
                0.008000000000000123,
                -7.498798913309288e-33
            ],
            "T_matrix_c2o": [
                35.7217,
                -21.8225,
                125.50439999999999
            ],
            "class": 2,
            "class_name": "Car",
            "size": [
                1.42,
                4.2,
                1.7
            ],
            "2d_bbox": [
                1677.03,
                31.57,
                1784.84,
                72.88
            ],
            "3d_bbox": [
                [
                    1677,
                    72
                ],
                [
                    1772,
                    72
                ],
                [
                    1688,
                    65
                ],
                [
                    1784,
                    65
                ],
                [
                    1677,
                    39
                ],
                [
                    1772,
                    39
                ],
                [
                    1688,
                    31
                ],
                [
                    1784,
                    31
                ]
            ],
            "3d_bbox_w": [
                [
                    33.48604312,
                    21.821316000000003,
                    -125.019435088
                ],
                [
                    37.94227112,
                    21.821316000000003,
                    -125.055084912
                ],
                [
                    33.501128879999996,
                    21.821316000000003,
                    -123.13371508799999
                ],
                [
                    37.95735688,
                    21.821316000000003,
                    -123.16936491199999
                ],
                [
                    33.48604312,
                    23.39008,
                    -125.019435088
                ],
                [
                    37.94227112,
                    23.39008,
                    -125.055084912
                ],
                [
                    33.501128879999996,
                    23.39008,
                    -123.13371508799999
                ],
                [
                    37.95735688,
                    23.39008,
                    -123.16936491199999
                ]
            ]
        },
        "23": {
            "model_file": "models\\pedestrian_001.obj",
            "matrix": [
                0.0723,
                0.9974,
                0.0,
                -12.1802,
                0.0,
                0.0,
                1.0,
                4.0666,
                0.9974,
                -0.0723,
                0.0,
                -52.1279,
                0.0,
                0.0,
                0.0,
                1.0
            ],
            "actor_id": 0,
            "R_matrix_c2o": [
                0.07230000000000013,
                0.9974,
                -6.123233995736766e-17,
                -4.427098178917682e-18,
                -6.10731358734785e-17,
                -1.0,
                -0.9974,
                0.07230000000000013,
                -7.498798913309288e-33
            ],
            "T_matrix_c2o": [
                -12.1802,
                -4.0666,
                53.53789999999999
            ],
            "class": 5,
            "class_name": "Pedestrian",
            "size": [
                0.91,
                0.33,
                1.77
            ],
            "2d_bbox": [
                332.06,
                242.36,
                355.93,
                336.08
            ],
            "3d_bbox": [
                [
                    339,
                    335
                ],
                [
                    355,
                    336
                ],
                [
                    332,
                    332
                ],
                [
                    348,
                    332
                ],
                [
                    339,
                    247
                ],
                [
                    355,
                    247
                ],
                [
                    332,
                    242
                ],
                [
                    348,
                    242
                ]
            ],
            "3d_bbox_w": [
                [
                    -12.3762697677,
                    4.067631,
                    -52.5675737216
                ],
                [
                    -12.049589350899998,
                    4.067631,
                    -52.5912542852
                ],
                [
                    -12.3108106491,
                    4.067631,
                    -51.66454571479999
                ],
                [
                    -11.984130232299998,
                    4.067631,
                    -51.688226278399995
                ],
                [
                    -12.3762697677,
                    5.835239000000006,
                    -52.5675737216
                ],
                [
                    -12.049589350899998,
                    5.835239000000006,
                    -52.5912542852
                ],
                [
                    -12.3108106491,
                    5.835239000000006,
                    -51.66454571479999
                ],
                [
                    -11.984130232299998,
                    5.835239000000006,
                    -51.688226278399995
                ]
            ]
        },
        "24": {
            "model_file": "models\\car_001.obj",
            "matrix": [
                -0.1049,
                -0.9945,
                0.0,
                -8.9819,
                0.0,
                0.0,
                1.0,
                1.6956,
                -0.9945,
                0.1049,
                0.0,
                -40.8808,
                0.0,
                0.0,
                0.0,
                1.0
            ],
            "actor_id": 0,
            "R_matrix_c2o": [
                -0.10490000000000012,
                -0.9945,
                -6.123233995736766e-17,
                6.4232724615278675e-18,
                6.089556208760214e-17,
                -1.0,
                0.9945,
                -0.10490000000000012,
                -7.498798913309288e-33
            ],
            "T_matrix_c2o": [
                -8.9819,
                -1.6956,
                42.2908
            ],
            "class": 2,
            "class_name": "Car",
            "size": [
                1.42,
                4.2,
                1.7
            ],
            "2d_bbox": [
                229.28,
                325.16,
                532.39,
                434.46
            ],
            "3d_bbox": [
                [
                    525,
                    429
                ],
                [
                    229,
                    428
                ],
                [
                    532,
                    434
                ],
                [
                    248,
                    433
                ],
                [
                    525,
                    327
                ],
                [
                    229,
                    325
                ],
                [
                    532,
                    336
                ],
                [
                    248,
                    334
                ]
            ],
            "3d_bbox_w": [
                [
                    -6.667134612999993,
                    1.694416,
                    -40.1768548886
                ],
                [
                    -11.098853359000007,
                    1.694416,
                    -39.7093965714
                ],
                [
                    -6.864946640999992,
                    1.694416,
                    -42.0522034286
                ],
                [
                    -11.296665387000006,
                    1.694416,
                    -41.584745111400004
                ],
                [
                    -6.667134612999993,
                    3.2631800000000046,
                    -40.1768548886
                ],
                [
                    -11.098853359000007,
                    3.2631800000000046,
                    -39.7093965714
                ],
                [
                    -6.864946640999992,
                    3.2631800000000046,
                    -42.0522034286
                ],
                [
                    -11.296665387000006,
                    3.2631800000000046,
                    -41.584745111400004
                ]
            ]
        },
        "25": {
            "model_file": "models\\pedestrian_001.obj",
            "matrix": [
                -0.2161,
                -0.9764,
                0.0,
                6.2636,
                0.0,
                0.0,
                1.0,
                0.0074,
                -0.9764,
                0.2161,
                0.0,
                -31.9276,
                0.0,
                0.0,
                0.0,
                1.0
            ],
            "actor_id": 0,
            "R_matrix_c2o": [
                -0.2161000000000001,
                -0.9764,
                -6.123233995736766e-17,
                1.3232308664787151e-17,
                5.978725673437379e-17,
                -1.0,
                0.9764,
                -0.2161000000000001,
                -7.498798913309288e-33
            ],
            "T_matrix_c2o": [
                6.2636,
                -0.0074,
                33.3376
            ],
            "class": 5,
            "class_name": "Pedestrian",
            "size": [
                0.91,
                0.33,
                1.77
            ],
            "2d_bbox": [
                1441.83,
                393.68,
                1496.11,
                539.33
            ],
            "3d_bbox": [
                [
                    1496,
                    539
                ],
                [
                    1470,
                    539
                ],
                [
                    1466,
                    539
                ],
                [
                    1441,
                    539
                ],
                [
                    1496,
                    393
                ],
                [
                    1470,
                    393
                ],
                [
                    1466,
                    397
                ],
                [
                    1441,
                    397
                ]
            ],
            "3d_bbox_w": [
                [
                    6.5213276475000015,
                    0.008431000000000001,
                    -31.5209823402
                ],
                [
                    6.201525402700001,
                    0.008431000000000001,
                    -31.450202675
                ],
                [
                    6.3256745973,
                    0.008431000000000001,
                    -32.404997325000004
                ],
                [
                    6.005872352499999,
                    0.008431000000000001,
                    -32.334217659800004
                ],
                [
                    6.5213276475000015,
                    1.7760390000000028,
                    -31.5209823402
                ],
                [
                    6.201525402700001,
                    1.7760390000000028,
                    -31.450202675
                ],
                [
                    6.3256745973,
                    1.7760390000000028,
                    -32.404997325000004
                ],
                [
                    6.005872352499999,
                    1.7760390000000028,
                    -32.334217659800004
                ]
            ]
        }
    },
    "camera": {
        "matrix": [
            1.0,
            0.0,
            0.0,
            0.0,
            0.0,
            1.0,
            0.0,
            0.0,
            0.0,
            0.0,
            1.0,
            1.41,
            0.0,
            0.0,
            0.0,
            1.0
        ],
        "position": [
            0.0,
            0.0,
            1.41
        ],
        "focalPoint": [
            0.0,
            0.0,
            0.0
        ],
        "fov": 39.05,
        "viewup": [
            0.0,
            1.0,
            0.0
        ],
        "distance": 1.41
    }
}